Workbook

Sheet Fuel Resources ล่าสุด
A1: id | B1: scope_id | C1: scope_category_id | D1: category_name | E1: category_name_en | F1: ref_code | G1: resource | H1: sub_category | I1: unit | J1: ef_value | K1: value1_label | L1: value1_unit | M1: value2_label | N1: value2_unit | O1: ref_info | P1: ref_co2 | Q1: ref_fossil_ch4 | R1: ref_ch4 | S1: ref_n2o | T1: ref_sf6 | U1: ref_nf3 | V1: ref_hfcs | W1: ref_pfcs | X1: gwp100_hfcs | Y1: gwp100_pfcs | Z1: extraghg_ef | AA1: extraghg_gwp100 | AB1: ref_source | AC1: version | AD1: description | AE1: created_at | AF1: updated_at
A2: a0ee57a2-125e-563e-80eb-b94c84a9b957 | B2: 1 | C2: a1000001-0001-4001-8001-000000000001 | D2: 1) การเผาไหม้อยู่กับที่ (Stationary combustion) | E2: 1) Stationary combustion | F2: EF001-1 | G2: Natural Gas (NCV) | I2: SCF | J2: 0.05727759 | O2: IPCC defaults (2006), volume 2, chapter 2, table 2.3, p.2.18 - 2.19 และ Convert ค่าโดยอาศัยค่าคุณลักษณะเชื้อเพลิง | P2: 0.057222 | R2: 1.02e-06 | S2: 1.02e-07 | AB2: TGO | AC2: TGO 1 กรกฎาคม 2569 | AD2: IPCC defaults (2006), volume 2, chapter 2, table 2.3, p.2.18 - 2.19 และ Convert ค่าโดยอาศัยค่าคุณลักษณะเชื้อเพลิง | AE2: Mon Aug 03 2026 07:08:39 GMT+0700 (Indochina Time) | AF2: Tue Aug 25 2026 09:39:57 GMT+0700 (Indochina Time)
A3: dad8ac50-759e-5744-8abd-f25a5a86f839 | B3: 1 | C3: a1000001-0001-4001-8001-000000000001 | D3: 1) การเผาไหม้อยู่กับที่ (Stationary combustion) | E3: 1) Stationary combustion | F3: EF001-2 | G3: Natural Gas (NCV) | I3: MJ | J3: 0.0561545 | O3: IPCC defaults (2006), volume 2, chapter 2, table 2.3, p.2.18 - 2.19 และ Convert ค่าโดยอาศัยค่าคุณลักษณะเชื้อเพลิง | P3: 0.0561 | R3: 1e-06 | S3: 1e-07 | AB3: TGO | AC3: TGO 1 กรกฎาคม 2569 | AD3: IPCC defaults (2006), volume 2, chapter 2, table 2.3, p.2.18 - 2.19 และ Convert ค่าโดยอาศัยค่าคุณลักษณะเชื้อเพลิง | AE3: Mon Aug 03 2026 07:08:39 GMT+0700 (Indochina Time) | AF3: Tue Aug 25 2026 09:39:57 GMT+0700 (Indochina Time)
A4: f6ebbc11-77c6-53ba-97c9-1ad97c9e324b | B4: 1 | C4: a1000001-0001-4001-8001-000000000001 | D4: 1) การเผาไหม้อยู่กับที่ (Stationary combustion) | E4: 1) Stationary combustion | F4: EF001-3 | G4: Natural Gas (HHV) | I4: MJ | J4: 0.050151666 | O4: 2021 API Compendium, Table 4.3 &amp; Table 4.6 | P4: 0.0501 | R4: 9.48e-07 | S4: 9.48e-08 | AB4: TGO | AC4: TGO 1 กรกฎาคม 2569 | AD4: 2021 API Compendium, Table 4.3 &amp; Table 4.6 | AE4: Mon Aug 03 2026 07:08:39 GMT+0700 (Indochina Time) | AF4: Tue Aug 25 2026 09:39:57 GMT+0700 (Indochina Time)
A5: 50f61e85-bb23-50d3-ad42-5091e442310c | B5: 1 | C5: a1000001-0001-4001-8001-000000000001 | D5: 1) การเผาไหม้อยู่กับที่ (Stationary combustion) | E5: 1) Stationary combustion | F5: EF001-4 | G5: Natural Gas (HHV) | I5: MMBTU | J5: 52.9545 | O5: 2021 API Compendium, Table 4.3 &amp; Table 4.6 | P5: 52.9 | R5: 0.001 | S5: 0.0001 | AB5: TGO | AC5: TGO 1 กรกฎาคม 2569 | AD5: 2021 API Compendium, Table 4.3 &amp; Table 4.6 | AE5: Mon Aug 03 2026 07:08:39 GMT+0700 (Indochina Time) | AF5: Tue Aug 25 2026 09:39:57 GMT+0700 (Indochina Time)
A6: c375fbb3-503a-5b43-be3f-51b05c2a322f | B6: 1 | C6: a1000001-0001-4001-8001-000000000001 | D6: 1) การเผาไหม้อยู่กับที่ (Stationary combustion) | E6: 1) Stationary combustion | F6: EF001-5 | G6: LPG | I6: Liter | J6: 1.6811728 | O6: IPCC defaults (2006), volume 2, chapter 2, table 2.3, p.2.18 - 2.19 และ Convert ค่าโดยอาศัยค่าคุณลักษณะเชื้อเพลิง | P6: 1.679722 | R6: 2.662e-05 | S6: 2.662e-06 | AB6: TGO | AC6: TGO 1 กรกฎาคม 2569 | AD6: IPCC defaults (2006), volume 2, chapter 2, table 2.3, p.2.18 - 2.19 และ Convert ค่าโดยอาศัยค่าคุณลักษณะเชื้อเพลิง | AE6: Mon Aug 03 2026 07:08:39 GMT+0700 (Indochina Time) | AF6: Tue Aug 25 2026 09:39:57 GMT+0700 (Indochina Time)
A7: 487880ad-9005-5b05-91bb-c9691c0ff9a9 | B7: 1 | C7: a1000001-0001-4001-8001-000000000001 | D7: 1) การเผาไหม้อยู่กับที่ (Stationary combustion) | E7: 1) Stationary combustion | F7: EF001-6 | G7: LPG | I7: kg | J7: 3.1132829 | O7: IPCC defaults (2006), volume 2, chapter 2, table 2.3, p.2.18 - 2.19 และ Convert ค่าโดยอาศัยค่าคุณลักษณะเชื้อเพลิง | P7: 3.1105963 | R7: 4.9296296e-05 | S7: 4.9296296e-06 | AB7: TGO | AC7: TGO 1 กรกฎาคม 2569 | AD7: IPCC defaults (2006), volume 2, chapter 2, table 2.3, p.2.18 - 2.19 และ Convert ค่าโดยอาศัยค่าคุณลักษณะเชื้อเพลิง | AE7: Mon Aug 03 2026 07:08:39 GMT+0700 (Indochina Time) | AF7: Tue Aug 25 2026 09:39:57 GMT+0700 (Indochina Time)
A8: 7d8f2c1d-c653-588d-83a6-5a02f1b365db | B8: 1 | C8: a1000001-0001-4001-8001-000000000001 | D8: 1) การเผาไหม้อยู่กับที่ (Stationary combustion) | E8: 1) Stationary combustion | F8: EF001-7 | G8: Acetelyne | I8: kg | J8: 3.3846154 | O8: 2C2H2+502 &rarr; 4CO2+2H2O (MWC2H2 =26, MWCO2 =44) | P8: 3.3846154 | AB8: TGO | AC8: TGO 1 กรกฎาคม 2569 | AD8: 2C2H2+502 &rarr; 4CO2+2H2O (MWC2H2 =26, MWCO2 =44) | AE8: Mon Aug 03 2026 07:08:39 GMT+0700 (Indochina Time) | AF8: Tue Aug 25 2026 09:39:57 GMT+0700 (Indochina Time)
A9: a043a0bf-219f-51b6-96b3-a5dc51436ccf | B9: 1 | C9: a1000001-0001-4001-8001-000000000001 | D9: 1) การเผาไหม้อยู่กับที่ (Stationary combustion) | E9: 1) Stationary combustion | F9: EF001-8 | G9: Ethane | I9: kg | J9: 3.1428571 | O9: C2H4 + 3O2 --&gt; 2CO2 + 2H2O (MWC2H4 =28, MWCO2 =44) | P9: 3.1428571 | AB9: TGO | AC9: TGO 1 กรกฎาคม 2569 | AD9: C2H4 + 3O2 --&gt; 2CO2 + 2H2O (MWC2H4 =28, MWCO2 =44) | AE9: Mon Aug 03 2026 07:08:39 GMT+0700 (Indochina Time) | AF9: Tue Aug 25 2026 09:39:57 GMT+0700 (Indochina Time)
A10: b7c0a21b-893d-56aa-91f1-4fcff1659333 | B10: 1 | C10: a1000001-0001-4001-8001-000000000001 | D10: 1) การเผาไหม้อยู่กับที่ (Stationary combustion) | E10: 1) Stationary combustion | F10: EF001-9 | G10: Propane | I10: kg | J10: 3 | O10: C3H8+5O2&rarr;3CO2+4H2O (MWC3H8 =44, MWCO2 =44) | P10: 3 | AB10: TGO | AC10: TGO 1 กรกฎาคม 2569 | AD10: C3H8+5O2&rarr;3CO2+4H2O (MWC3H8 =44, MWCO2 =44) | AE10: Mon Aug 03 2026 07:08:39 GMT+0700 (Indochina Time) | AF10: Tue Aug 25 2026 09:39:57 GMT+0700 (Indochina Time)
A11: b1c485e5-dcc4-5df1-8bf1-42549f2d960a | B11: 1 | C11: a1000001-0001-4001-8001-000000000001 | D11: 1) การเผาไหม้อยู่กับที่ (Stationary combustion) | E11: 1) Stationary combustion | F11: EF001-10 | G11: Butane | I11: kg | J11: 3.0344828 | O11: 2C4H10+ 1302 &rarr; 8CO2+10H2O (MWC4H10 =58, MWCO2 =44) | P11: 3.0344828 | AB11: TGO | AC11: TGO 1 กรกฎาคม 2569 | AD11: 2C4H10+ 1302 &rarr; 8CO2+10H2O (MWC4H10 =58, MWCO2 =44) | AE11: Mon Aug 03 2026 07:08:39 GMT+0700 (Indochina Time) | AF11: Tue Aug 25 2026 09:39:57 GMT+0700 (Indochina Time)
A12: 53c5baf8-6655-5ce5-b0ad-f614fd9bcee9 | B12: 1 | C12: a1000001-0001-4001-8001-000000000001 | D12: 1) การเผาไหม้อยู่กับที่ (Stationary combustion) | E12: 1) Stationary combustion | F12: EF001-11 | G12: Fuel Oil A | I12: Liter | J12: 3.2197754 | O12: IPCC defaults (2006), volume 2, chapter 2, table 2.3, p.2.18 - 2.19 และ Convert ค่าโดยอาศัยค่าคุณลักษณะเชื้อเพลิง | P12: 3.2096984 | R12: 0.00012440692 | S12: 2.4881383e-05 | AB12: TGO | AC12: TGO 1 กรกฎาคม 2569 | AD12: IPCC defaults (2006), volume 2, chapter 2, table 2.3, p.2.18 - 2.19 และ Convert ค่าโดยอาศัยค่าคุณลักษณะเชื้อเพลิง | AE12: Mon Aug 03 2026 07:08:39 GMT+0700 (Indochina Time) | AF12: Tue Aug 25 2026 09:39:57 GMT+0700 (Indochina Time)
A13: 4fff6bdd-8300-55ec-8b51-1044a03833b0 | B13: 1 | C13: a1000001-0001-4001-8001-000000000001 | D13: 1) การเผาไหม้อยู่กับที่ (Stationary combustion) | E13: 1) Stationary combustion | F13: EF001-12 | G13: Fuel Oil C | I13: Liter | J13: 3.2454976 | O13: IPCC defaults (2006), volume 2, chapter 2, table 2.3, p.2.18 - 2.19 และ Convert ค่าโดยอาศัยค่าคุณลักษณะเชื้อเพลิง | P13: 3.2353401 | R13: 0.00012540078 | S13: 2.5080156e-05 | AB13: TGO | AC13: TGO 1 กรกฎาคม 2569 | AD13: IPCC defaults (2006), volume 2, chapter 2, table 2.3, p.2.18 - 2.19 และ Convert ค่าโดยอาศัยค่าคุณลักษณะเชื้อเพลิง | AE13: Mon Aug 03 2026 07:08:39 GMT+0700 (Indochina Time) | AF13: Tue Aug 25 2026 09:39:57 GMT+0700 (Indochina Time)
A14: b77bc1f8-5a08-5ca0-86f5-28018ca1f2ba | B14: 1 | C14: a1000001-0001-4001-8001-000000000001 | D14: 1) การเผาไหม้อยู่กับที่ (Stationary combustion) | E14: 1) Stationary combustion | F14: EF001-13 | G14: Jet Kerosene | I14: Liter | J14: 2.4772858 | O14: IPCC defaults (2006), volume 2, chapter 2, table 2.3, p.2.18 - 2.19 และ Convert ค่าโดยอาศัยค่าคุณลักษณะเชื้อเพลิง | P14: 2.468895 | R14: 0.00010359 | S14: 2.0718e-05 | AB14: TGO | AC14: TGO 1 กรกฎาคม 2569 | AD14: IPCC defaults (2006), volume 2, chapter 2, table 2.3, p.2.18 - 2.19 และ Convert ค่าโดยอาศัยค่าคุณลักษณะเชื้อเพลิง | AE14: Mon Aug 03 2026 07:08:39 GMT+0700 (Indochina Time) | AF14: Tue Aug 25 2026 09:39:57 GMT+0700 (Indochina Time)
A15: 93f612ea-5f5e-5c82-b387-bd6d8a34de32 | B15: 1 | C15: a1000001-0001-4001-8001-000000000001 | D15: 1) การเผาไหม้อยู่กับที่ (Stationary combustion) | E15: 1) Stationary combustion | F15: EF001-14 | G15: Other Kerosene | I15: Liter | J15: 2.4910978 | O15: IPCC defaults (2006), volume 2, chapter 2, table 2.3, p.2.18 - 2.19 และ Convert ค่าโดยอาศัยค่าคุณลักษณะเชื้อเพลิง | P15: 2.482707 | R15: 0.00010359 | S15: 2.0718e-05 | AB15: TGO | AC15: TGO 1 กรกฎาคม 2569 | AD15: IPCC defaults (2006), volume 2, chapter 2, table 2.3, p.2.18 - 2.19 และ Convert ค่าโดยอาศัยค่าคุณลักษณะเชื้อเพลิง | AE15: Mon Aug 03 2026 07:08:39 GMT+0700 (Indochina Time) | AF15: Tue Aug 25 2026 09:39:57 GMT+0700 (Indochina Time)
A16: 6a96f9f4-6414-5c55-9b62-8ff82d3a3a70 | B16: 1 | C16: a1000001-0001-4001-8001-000000000001 | D16: 1) การเผาไหม้อยู่กับที่ (Stationary combustion) | E16: 1) Stationary combustion | F16: EF001-15 | G16: Diesel | I16: Liter | J16: 2.7075721 | O16: IPCC defaults (2006), volume 2, chapter 2, table 2.3, p.2.18 - 2.19 และ Convert ค่าโดยอาศัยค่าคุณลักษณะเชื้อเพลิง | P16: 2.698722 | R16: 0.00010926 | S16: 2.1852e-05 | AB16: TGO | AC16: TGO 1 กรกฎาคม 2569 | AD16: IPCC defaults (2006), volume 2, chapter 2, table 2.3, p.2.18 - 2.19 และ Convert ค่าโดยอาศัยค่าคุณลักษณะเชื้อเพลิง | AE16: Mon Aug 03 2026 07:08:39 GMT+0700 (Indochina Time) | AF16: Tue Aug 25 2026 09:39:57 GMT+0700 (Indochina Time)
A17: 61d61b92-1130-520e-a129-45116fc45b7d | B17: 1 | C17: a1000001-0001-4001-8001-000000000001 | D17: 1) การเผาไหม้อยู่กับที่ (Stationary combustion) | E17: 1) Stationary combustion | F17: EF001-16 | G17: Gasoline | I17: Liter | J17: 2.1892136 | O17: IPCC defaults (2006), volume 2, chapter 2, table 2.3, p.2.18 - 2.19 และ Convert ค่าโดยอาศัยค่าคุณลักษณะเชื้อเพลิง | P17: 2.181564 | R17: 9.444e-05 | S17: 1.8888e-05 | AB17: TGO | AC17: TGO 1 กรกฎาคม 2569 | AD17: IPCC defaults (2006), volume 2, chapter 2, table 2.3, p.2.18 - 2.19 และ Convert ค่าโดยอาศัยค่าคุณลักษณะเชื้อเพลิง | AE17: Mon Aug 03 2026 07:08:39 GMT+0700 (Indochina Time) | AF17: Tue Aug 25 2026 09:39:57 GMT+0700 (Indochina Time)
A18: db81ce81-d4e8-572d-9b1a-ab4529a45e6b | B18: 1 | C18: a1000001-0001-4001-8001-000000000001 | D18: 1) การเผาไหม้อยู่กับที่ (Stationary combustion) | E18: 1) Stationary combustion | F18: EF001-17 | G18: Biodiesel | I18: Liter | J18: 1.6496185 | O18: IPCC defaults (2006), volume 2, chapter 2, table 2.3, p.2.18 - 2.19 และ Convert ค่าโดยอาศัยค่าคุณลักษณะเชื้อเพลิง | P18: 1.643976 | R18: 6.966e-05 | S18: 1.3932e-05 | AB18: TGO | AC18: TGO 1 กรกฎาคม 2569 | AD18: IPCC defaults (2006), volume 2, chapter 2, table 2.3, p.2.18 - 2.19 และ Convert ค่าโดยอาศัยค่าคุณลักษณะเชื้อเพลิง | AE18: Mon Aug 03 2026 07:08:39 GMT+0700 (Indochina Time) | AF18: Tue Aug 25 2026 09:39:57 GMT+0700 (Indochina Time)
A19: 49fb9283-37d8-51c1-90be-e7e8b7517ae6 | B19: 1 | C19: a1000001-0001-4001-8001-000000000001 | D19: 1) การเผาไหม้อยู่กับที่ (Stationary combustion) | E19: 1) Stationary combustion | F19: EF001-18 | G19: Bio-gasollne (Ethanol) | I19: Liter | J19: 1.5019201 | O19: IPCC defaults (2006), volume 2, chapter 2, table 2.3, p.2.18 - 2.19 และ Convert ค่าโดยอาศัยค่าคุณลักษณะเชื้อเพลิง | P19: 1.4967828 | R19: 6.3423e-05 | S19: 1.26846e-05 | AB19: TGO | AC19: TGO 1 กรกฎาคม 2569 | AD19: IPCC defaults (2006), volume 2, chapter 2, table 2.3, p.2.18 - 2.19 และ Convert ค่าโดยอาศัยค่าคุณลักษณะเชื้อเพลิง | AE19: Mon Aug 03 2026 07:08:39 GMT+0700 (Indochina Time) | AF19: Tue Aug 25 2026 09:39:57 GMT+0700 (Indochina Time)
A20: 269da535-e952-5f0a-af60-e34f4f648f08 | B20: 1 | C20: a1000001-0001-4001-8001-000000000001 | D20: 1) การเผาไหม้อยู่กับที่ (Stationary combustion) | E20: 1) Stationary combustion | F20: EF001-19 | G20: Diesel B7 (แบบคิด EF ของ Biofuel ด้วย) | I20: Liter | J20: 2.6335153 | O20: คิดที่สัดส่วนไบโอดีเซล (7%) | P20: 2.6248898 | R20: 0.000106488 | S20: 2.12976e-05 | AB20: TGO | AC20: TGO 1 กรกฎาคม 2569 | AD20: คิดที่สัดส่วนไบโอดีเซล (7%) | AE20: Mon Aug 03 2026 07:08:39 GMT+0700 (Indochina Time) | AF20: Tue Aug 25 2026 09:39:57 GMT+0700 (Indochina Time)
A21: 749fea82-640a-54ca-b5c1-107246baba52 | B21: 1 | C21: a1000001-0001-4001-8001-000000000001 | D21: 1) การเผาไหม้อยู่กับที่ (Stationary combustion) | E21: 1) Stationary combustion | F21: EF001-20 | G21: Diesel B7: Report in Scope 1 | I21: Liter | J21: 2.518437 | O21: นับเฉพาะ CO2 จาก fossil fuel, CH4 และ N2O | P21: 2.5098115 | R21: 0.000106488 | S21: 2.12976e-05 | AB21: TGO | AC21: TGO 1 กรกฎาคม 2569 | AD21: นับเฉพาะ CO2 จาก fossil fuel, CH4 และ N2O | AE21: Mon Aug 03 2026 07:08:39 GMT+0700 (Indochina Time) | AF21: Tue Aug 25 2026 09:39:57 GMT+0700 (Indochina Time)
A22: 71b90a87-ba56-5853-9d25-d15864344bdb | B22: 4 | C22: a1000004-0004-4004-8004-000000000014 | D22: แยกรายงานการใช้พลังงาน | E22: Energy Usage Reporting | F22: EF001-21 | G22: Diesel B7: Report in Biogenic CO2 emissions | I22: Liter | J22: 0.11507832 | O22: นับเฉพาะ CO2 จาก biofuel | P22: 0.11507832 | AB22: TGO | AC22: TGO 1 กรกฎาคม 2569 | AD22: นับเฉพาะ CO2 จาก biofuel | AE22: Mon Aug 03 2026 07:08:39 GMT+0700 (Indochina Time) | AF22: Tue Aug 25 2026 09:39:57 GMT+0700 (Indochina Time)
A23: 553235aa-2d60-585d-a0ba-0170649ae4d0 | B23: 1 | C23: a1000001-0001-4001-8001-000000000001 | D23: 1) การเผาไหม้อยู่กับที่ (Stationary combustion) | E23: 1) Stationary combustion | F23: EF001-22 | G23: Diesel B20 (แบบคิด EF ของ Biofuel ด้วย) | I23: Liter | J23: 2.4959813 | O23: คิดที่สัดส่วนไบโอดีเซล (20%) | P23: 2.4877728 | R23: 0.00010134 | S23: 2.0268e-05 | AB23: TGO | AC23: TGO 1 กรกฎาคม 2569 | AD23: คิดที่สัดส่วนไบโอดีเซล (20%) | AE23: Mon Aug 03 2026 07:08:39 GMT+0700 (Indochina Time) | AF23: Tue Aug 25 2026 09:39:57 GMT+0700 (Indochina Time)
A24: cdb45120-2d6e-5425-996d-45a98ffd0ba6 | B24: 1 | C24: a1000001-0001-4001-8001-000000000001 | D24: 1) การเผาไหม้อยู่กับที่ (Stationary combustion) | E24: 1) Stationary combustion | F24: EF001-23 | G24: Diesel B20: Report in Scope 1 | I24: Liter | J24: 2.1671861 | O24: นับเฉพาะ CO2 จาก fossil fuel, CH4 และ N2O | P24: 2.1589776 | R24: 0.00010134 | S24: 2.0268e-05 | AB24: TGO | AC24: TGO 1 กรกฎาคม 2569 | AD24: นับเฉพาะ CO2 จาก fossil fuel, CH4 และ N2O | AE24: Mon Aug 03 2026 07:08:39 GMT+0700 (Indochina Time) | AF24: Tue Aug 25 2026 09:39:57 GMT+0700 (Indochina Time)
A25: 693807d7-6064-5d4e-b732-282ca3fd8ef0 | B25: 4 | C25: a1000004-0004-4004-8004-000000000014 | D25: แยกรายงานการใช้พลังงาน | E25: Energy Usage Reporting | F25: EF001-24 | G25: Diesel B20: Report in Biogenic CO2 emissions | I25: Liter | J25: 0.3287952 | O25: นับเฉพาะ CO2 จาก biofuel | P25: 0.3287952 | AB25: TGO | AC25: TGO 1 กรกฎาคม 2569 | AD25: นับเฉพาะ CO2 จาก biofuel | AE25: Mon Aug 03 2026 07:08:39 GMT+0700 (Indochina Time) | AF25: Tue Aug 25 2026 09:39:57 GMT+0700 (Indochina Time)
A26: 8204e152-16b2-560e-a8dd-e060ae4c6eb5 | B26: 1 | C26: a1000001-0001-4001-8001-000000000001 | D26: 1) การเผาไหม้อยู่กับที่ (Stationary combustion) | E26: 1) Stationary combustion | F26: EF001-25 | G26: Gasohol (E10) | I26: Liter | J26: 2.1204843 | O26: คิดที่สัดส่วนเอทานอล (10%) | P26: 2.1130859 | R26: 9.13383e-05 | S26: 1.826766e-05 | AB26: TGO | AC26: TGO 1 กรกฎาคม 2569 | AD26: คิดที่สัดส่วนเอทานอล (10%) | AE26: Mon Aug 03 2026 07:08:39 GMT+0700 (Indochina Time) | AF26: Tue Aug 25 2026 09:39:57 GMT+0700 (Indochina Time)
A27: 03312a7d-03c2-55d6-bd68-91057e71640f | B27: 1 | C27: a1000001-0001-4001-8001-000000000001 | D27: 1) การเผาไหม้อยู่กับที่ (Stationary combustion) | E27: 1) Stationary combustion | F27: EF001-26 | G27: Gasohol E10: Report in Scope 1 | I27: Liter | J27: 1.970806 | O27: นับเฉพาะ CO2 จาก fossil fuel, CH4 และ N2O | P27: 1.9634076 | R27: 9.13383e-05 | S27: 1.826766e-05 | AB27: TGO | AC27: TGO 1 กรกฎาคม 2569 | AD27: นับเฉพาะ CO2 จาก fossil fuel, CH4 และ N2O | AE27: Mon Aug 03 2026 07:08:39 GMT+0700 (Indochina Time) | AF27: Tue Aug 25 2026 09:39:57 GMT+0700 (Indochina Time)
A28: 6ea4c009-c610-563e-98f6-7eb9e96fc4b6 | B28: 4 | C28: a1000004-0004-4004-8004-000000000014 | D28: แยกรายงานการใช้พลังงาน | E28: Energy Usage Reporting | F28: EF001-27 | G28: Gasohol E10: Report in Biogenic CO2 emissions | I28: Liter | J28: 0.14967828 | O28: นับเฉพาะ CO2 จาก biofuel | P28: 0.14967828 | AB28: TGO | AC28: TGO 1 กรกฎาคม 2569 | AD28: นับเฉพาะ CO2 จาก biofuel | AE28: Mon Aug 03 2026 07:08:39 GMT+0700 (Indochina Time) | AF28: Tue Aug 25 2026 09:39:57 GMT+0700 (Indochina Time)
A29: 7389d746-0aaa-5860-9608-218054fc7e76 | B29: 1 | C29: a1000001-0001-4001-8001-000000000001 | D29: 1) การเผาไหม้อยู่กับที่ (Stationary combustion) | E29: 1) Stationary combustion | F29: EF001-28 | G29: Gasohol (E20) | I29: Liter | J29: 2.0517549 | O29: คิดที่สัดส่วนเอทานอล (20%) | P29: 2.0446078 | R29: 8.82366e-05 | S29: 1.764732e-05 | AB29: TGO | AC29: TGO 1 กรกฎาคม 2569 | AD29: คิดที่สัดส่วนเอทานอล (20%) | AE29: Mon Aug 03 2026 07:08:39 GMT+0700 (Indochina Time) | AF29: Tue Aug 25 2026 09:39:57 GMT+0700 (Indochina Time)
A30: 028ed101-a815-5f61-a5dd-d9e46481dfa4 | B30: 1 | C30: a1000001-0001-4001-8001-000000000001 | D30: 1) การเผาไหม้อยู่กับที่ (Stationary combustion) | E30: 1) Stationary combustion | F30: EF001-29 | G30: Gasohol E20: Report in Scope 1 | I30: Liter | J30: 1.7523984 | O30: นับเฉพาะ CO2 จาก fossil fuel, CH4 และ N2O | P30: 1.7452512 | R30: 8.82366e-05 | S30: 1.764732e-05 | AB30: TGO | AC30: TGO 1 กรกฎาคม 2569 | AD30: นับเฉพาะ CO2 จาก fossil fuel, CH4 และ N2O | AE30: Mon Aug 03 2026 07:08:39 GMT+0700 (Indochina Time) | AF30: Tue Aug 25 2026 09:39:57 GMT+0700 (Indochina Time)
A31: 9085cfff-065e-57af-b075-2a192f8d3e16 | B31: 4 | C31: a1000004-0004-4004-8004-000000000014 | D31: แยกรายงานการใช้พลังงาน | E31: Energy Usage Reporting | F31: EF001-30 | G31: Gasohol E20: Report in Biogenic CO2 emissions | I31: Liter | J31: 0.29935656 | O31: นับเฉพาะ CO2 จาก biofuel | P31: 0.29935656 | AB31: TGO | AC31: TGO 1 กรกฎาคม 2569 | AD31: นับเฉพาะ CO2 จาก biofuel | AE31: Mon Aug 03 2026 07:08:39 GMT+0700 (Indochina Time) | AF31: Tue Aug 25 2026 09:39:57 GMT+0700 (Indochina Time)
A32: 9801ca62-9692-5003-9123-1a697d0058d0 | B32: 1 | C32: a1000001-0001-4001-8001-000000000001 | D32: 1) การเผาไหม้อยู่กับที่ (Stationary combustion) | E32: 1) Stationary combustion | F32: EF001-31 | G32: Gasohol (E85) | I32: Liter | J32: 1.6050141 | O32: คิดที่สัดส่วนเอทานอล (85%) | P32: 1.5995 | R32: 6.807555e-05 | S32: 1.361511e-05 | AB32: TGO | AC32: TGO 1 กรกฎาคม 2569 | AD32: คิดที่สัดส่วนเอทานอล (85%) | AE32: Mon Aug 03 2026 07:08:39 GMT+0700 (Indochina Time) | AF32: Tue Aug 25 2026 09:39:57 GMT+0700 (Indochina Time)
A33: 5d371e99-8abf-5022-8e2d-b415db881b80 | B33: 1 | C33: a1000001-0001-4001-8001-000000000001 | D33: 1) การเผาไหม้อยู่กับที่ (Stationary combustion) | E33: 1) Stationary combustion | F33: EF001-32 | G33: Gasohol E85: Report in Scope 1 | I33: Liter | J33: 0.33274872 | O33: นับเฉพาะ CO2 จาก fossil fuel, CH4 และ N2O | P33: 0.3272346 | R33: 6.807555e-05 | S33: 1.361511e-05 | AB33: TGO | AC33: TGO 1 กรกฎาคม 2569 | AD33: นับเฉพาะ CO2 จาก fossil fuel, CH4 และ N2O | AE33: Mon Aug 03 2026 07:08:39 GMT+0700 (Indochina Time) | AF33: Tue Aug 25 2026 09:39:57 GMT+0700 (Indochina Time)
A34: 9ec31e93-884d-5ee6-a053-b041a2622c27 | B34: 4 | C34: a1000004-0004-4004-8004-000000000014 | D34: แยกรายงานการใช้พลังงาน | E34: Energy Usage Reporting | F34: EF001-33 | G34: Gasohol E85: Report in Biogenic CO2 emissions | I34: Liter | J34: 1.2722654 | O34: นับเฉพาะ CO2 จาก biofuel | P34: 1.2722654 | AB34: TGO | AC34: TGO 1 กรกฎาคม 2569 | AD34: นับเฉพาะ CO2 จาก biofuel | AE34: Mon Aug 03 2026 07:08:39 GMT+0700 (Indochina Time) | AF34: Tue Aug 25 2026 09:39:57 GMT+0700 (Indochina Time)
A35: c0355b81-fa8e-5c6c-8e00-e7c7ba5f0fdc | B35: 1 | C35: a1000001-0001-4001-8001-000000000001 | D35: 1) การเผาไหม้อยู่กับที่ (Stationary combustion) | E35: 1) Stationary combustion | F35: EF001-34 | G35: Lignite | I35: kg | J35: 1.2099623 | O35: IPCC defaults (2006), volume 2, chapter 2, table 2.3, p.2.18 - 2.19 และ Convert ค่าโดยอาศัยค่าคุณลักษณะเชื้อเพลิง | P35: 1.2019 | R35: 0.000119 | S35: 1.785e-05 | AB35: TGO | AC35: TGO 1 กรกฎาคม 2569 | AD35: IPCC defaults (2006), volume 2, chapter 2, table 2.3, p.2.18 - 2.19 และ Convert ค่าโดยอาศัยค่าคุณลักษณะเชื้อเพลิง | AE35: Mon Aug 03 2026 07:08:39 GMT+0700 (Indochina Time) | AF35: Tue Aug 25 2026 09:39:57 GMT+0700 (Indochina Time)
A36: 2acabfa9-674d-5aa9-b824-86b6de3e6070 | B36: 1 | C36: a1000001-0001-4001-8001-000000000001 | D36: 1) การเผาไหม้อยู่กับที่ (Stationary combustion) | E36: 1) Stationary combustion | F36: EF001-35 | G36: Anthracite | I36: kg | J36: 3.1078935 | O36: IPCC defaults (2006), volume 2, chapter 2, table 2.3, p.2.18 - 2.19 และ Convert ค่าโดยอาศัยค่าคุณลักษณะเชื้อเพลิง | P36: 3.08662 | R36: 0.000314 | S36: 4.71e-05 | AB36: TGO | AC36: TGO 1 กรกฎาคม 2569 | AD36: IPCC defaults (2006), volume 2, chapter 2, table 2.3, p.2.18 - 2.19 และ Convert ค่าโดยอาศัยค่าคุณลักษณะเชื้อเพลิง | AE36: Mon Aug 03 2026 07:08:39 GMT+0700 (Indochina Time) | AF36: Tue Aug 25 2026 09:39:57 GMT+0700 (Indochina Time)
A37: 57767ef0-d8e2-50e4-8e81-3e8a86187244 | B37: 1 | C37: a1000001-0001-4001-8001-000000000001 | D37: 1) การเผาไหม้อยู่กับที่ (Stationary combustion) | E37: 1) Stationary combustion | F37: EF001-36 | G37: Bituminous Coal | I37: kg | J37: 2.5124677 | O37: IPCC defaults (2006), volume 2, chapter 2, table 2.3, p.2.18 - 2.19 และ Convert ค่าโดยอาศัยค่าคุณลักษณะเชื้อเพลิง | P37: 2.494602 | R37: 0.0002637 | S37: 3.9555e-05 | AB37: TGO | AC37: TGO 1 กรกฎาคม 2569 | AD37: IPCC defaults (2006), volume 2, chapter 2, table 2.3, p.2.18 - 2.19 และ Convert ค่าโดยอาศัยค่าคุณลักษณะเชื้อเพลิง | AE37: Mon Aug 03 2026 07:08:39 GMT+0700 (Indochina Time) | AF37: Tue Aug 25 2026 09:39:57 GMT+0700 (Indochina Time)
A38: 143c6a78-13b5-58a7-b131-aff800d2fee5 | B38: 1 | C38: a1000001-0001-4001-8001-000000000001 | D38: 1) การเผาไหม้อยู่กับที่ (Stationary combustion) | E38: 1) Stationary combustion | F38: EF001-37 | G38: Coking Coal | I38: kg | J38: 2.6325173 | O38: IPCC defaults (2006), volume 2, chapter 2, table 2.3, p.2.18 - 2.19 และ Convert ค่าโดยอาศัยค่าคุณลักษณะเชื้อเพลิง | P38: 2.613798 | R38: 0.0002763 | S38: 4.1445e-05 | AB38: TGO | AC38: TGO 1 กรกฎาคม 2569 | AD38: IPCC defaults (2006), volume 2, chapter 2, table 2.3, p.2.18 - 2.19 และ Convert ค่าโดยอาศัยค่าคุณลักษณะเชื้อเพลิง | AE38: Mon Aug 03 2026 07:08:39 GMT+0700 (Indochina Time) | AF38: Tue Aug 25 2026 09:39:57 GMT+0700 (Indochina Time)
A39: 139250fc-17f7-500e-a55f-08208350b65c | B39: 1 | C39: a1000001-0001-4001-8001-000000000001 | D39: 1) การเผาไหม้อยู่กับที่ (Stationary combustion) | E39: 1) Stationary combustion | F39: EF001-38 | G39: Fuel wood | I39: kg | J39: 1.821261 | O39: IPCC defaults (2006), volume 2, chapter 2, table 2.3, p.2.18 - 2.19 และ Convert ค่าโดยอาศัยค่าคุณลักษณะเชื้อเพลิง | P39: 1.79088 | R39: 0.0004797 | S39: 6.396e-05 | AB39: TGO | AC39: TGO 1 กรกฎาคม 2569 | AD39: IPCC defaults (2006), volume 2, chapter 2, table 2.3, p.2.18 - 2.19 และ Convert ค่าโดยอาศัยค่าคุณลักษณะเชื้อเพลิง | AE39: Mon Aug 03 2026 07:08:39 GMT+0700 (Indochina Time) | AF39: Tue Aug 25 2026 09:39:57 GMT+0700 (Indochina Time)
A40: c0caace4-f789-5a17-9ba0-63138a6ff8fe | B40: 1 | C40: a1000001-0001-4001-8001-000000000001 | D40: 1) การเผาไหม้อยู่กับที่ (Stationary combustion) | E40: 1) Stationary combustion | F40: EF001-39 | G40: Fuel wood: Report in Scope 1 | I40: kg | J40: 0.030381 | O40: นับเฉพาะ CH4 และ N2O | R40: 0.0004797 | S40: 6.396e-05 | AB40: TGO | AC40: TGO 1 กรกฎาคม 2569 | AD40: นับเฉพาะ CH4 และ N2O | AE40: Mon Aug 03 2026 07:08:39 GMT+0700 (Indochina Time) | AF40: Tue Aug 25 2026 09:39:57 GMT+0700 (Indochina Time)
A41: 00393939-be0e-52fd-b4bd-6b2bdb78fbde | B41: 4 | C41: a1000004-0004-4004-8004-000000000014 | D41: แยกรายงานการใช้พลังงาน | E41: Energy Usage Reporting | F41: EF001-40 | G41: Fuel wood: Report in Biogenic CO2 emissions | I41: kg | J41: 1.79088 | O41: นับเฉพาะ CO2 จาก biofuel | P41: 1.79088 | AB41: TGO | AC41: TGO 1 กรกฎาคม 2569 | AD41: นับเฉพาะ CO2 จาก biofuel | AE41: Mon Aug 03 2026 07:08:39 GMT+0700 (Indochina Time) | AF41: Tue Aug 25 2026 09:39:57 GMT+0700 (Indochina Time)
A42: dcbd07ce-5ebf-57f5-829c-a39681180718 | B42: 1 | C42: a1000001-0001-4001-8001-000000000001 | D42: 1) การเผาไหม้อยู่กับที่ (Stationary combustion) | E42: 1) Stationary combustion | F42: EF001-41 | G42: Saw dust | I42: kg | J42: 1.239232 | O42: IPCC defaults (2006), volume 2, chapter 2, table 2.3, p.2.18 - 2.19 และ Convert ค่าโดยอาศัยค่าคุณลักษณะเชื้อเพลิง | P42: 1.21856 | R42: 0.0003264 | S42: 4.352e-05 | AB42: TGO | AC42: TGO 1 กรกฎาคม 2569 | AD42: IPCC defaults (2006), volume 2, chapter 2, table 2.3, p.2.18 - 2.19 และ Convert ค่าโดยอาศัยค่าคุณลักษณะเชื้อเพลิง | AE42: Mon Aug 03 2026 07:08:39 GMT+0700 (Indochina Time) | AF42: Tue Aug 25 2026 09:39:57 GMT+0700 (Indochina Time)
A43: 07ce327c-0bcb-5c65-8226-725f2bb03ad2 | B43: 1 | C43: a1000001-0001-4001-8001-000000000001 | D43: 1) การเผาไหม้อยู่กับที่ (Stationary combustion) | E43: 1) Stationary combustion | F43: EF001-42 | G43: Saw dust: Report in Scope 1 | I43: kg | J43: 0.020672 | O43: นับเฉพาะ CH4 และ N2O | R43: 0.0003264 | S43: 4.352e-05 | AB43: TGO | AC43: TGO 1 กรกฎาคม 2569 | AD43: นับเฉพาะ CH4 และ N2O | AE43: Mon Aug 03 2026 07:08:39 GMT+0700 (Indochina Time) | AF43: Tue Aug 25 2026 09:39:57 GMT+0700 (Indochina Time)
A44: 67ddaf86-12f3-5568-a08a-7e6dd9512b92 | B44: 4 | C44: a1000004-0004-4004-8004-000000000014 | D44: แยกรายงานการใช้พลังงาน | E44: Energy Usage Reporting | F44: EF001-43 | G44: Saw dust: Report in Biogenic CO2 emissions | I44: kg | J44: 1.21856 | O44: นับเฉพาะ CO2 จาก biofuel | P44: 1.21856 | AB44: TGO | AC44: TGO 1 กรกฎาคม 2569 | AD44: นับเฉพาะ CO2 จาก biofuel | AE44: Mon Aug 03 2026 07:08:39 GMT+0700 (Indochina Time) | AF44: Tue Aug 25 2026 09:39:57 GMT+0700 (Indochina Time)
A45: e4a6a892-580c-5c97-ac83-fd7cd1f6e607 | B45: 1 | C45: a1000001-0001-4001-8001-000000000001 | D45: 1) การเผาไหม้อยู่กับที่ (Stationary combustion) | E45: 1) Stationary combustion | F45: EF001-44 | G45: Charcoal | I45: kg | J45: 3.289432 | O45: IPCC defaults (2006), volume 2, chapter 2, table 2.3, p.2.18 - 2.19 และ Convert ค่าโดยอาศัยค่าคุณลักษณะเชื้อเพลิง | P45: 3.23456 | R45: 0.0008664 | S45: 0.00011552 | AB45: TGO | AC45: TGO 1 กรกฎาคม 2569 | AD45: IPCC defaults (2006), volume 2, chapter 2, table 2.3, p.2.18 - 2.19 และ Convert ค่าโดยอาศัยค่าคุณลักษณะเชื้อเพลิง | AE45: Mon Aug 03 2026 07:08:39 GMT+0700 (Indochina Time) | AF45: Tue Aug 25 2026 09:39:57 GMT+0700 (Indochina Time)
A46: e713f986-5e70-5a63-b358-e5417178129d | B46: 1 | C46: a1000001-0001-4001-8001-000000000001 | D46: 1) การเผาไหม้อยู่กับที่ (Stationary combustion) | E46: 1) Stationary combustion | F46: EF001-45 | G46: Charcoal: Report in Scope 1 | I46: kg | J46: 0.1923 | O46: นับเฉพาะ CH4 และ N2O | R46: 0.0058 | S46: 0.00011552 | AB46: TGO | AC46: TGO 1 กรกฎาคม 2569 | AD46: นับเฉพาะ CH4 และ N2O | AE46: Mon Aug 03 2026 07:08:39 GMT+0700 (Indochina Time) | AF46: Tue Aug 25 2026 09:39:57 GMT+0700 (Indochina Time)
A47: d1f714ee-8ac9-5bd7-b2ef-98e5b7a66d3f | B47: 4 | C47: a1000004-0004-4004-8004-000000000014 | D47: แยกรายงานการใช้พลังงาน | E47: Energy Usage Reporting | F47: EF001-46 | G47: Charcoal: Report in Biogenic CO2 emissions | I47: kg | J47: 3.23456 | O47: นับเฉพาะ CO2 จาก biofuel | P47: 3.23456 | AB47: TGO | AC47: TGO 1 กรกฎาคม 2569 | AD47: นับเฉพาะ CO2 จาก biofuel | AE47: Mon Aug 03 2026 07:08:39 GMT+0700 (Indochina Time) | AF47: Tue Aug 25 2026 09:39:57 GMT+0700 (Indochina Time)
A48: 256cda7d-8e3e-53c7-92cd-4d0dec9b1e62 | B48: 1 | C48: a1000001-0001-4001-8001-000000000001 | D48: 1) การเผาไหม้อยู่กับที่ (Stationary combustion) | E48: 1) Stationary combustion | F48: EF001-47 | G48: Paddy husk | I48: kg | J48: 1.46736 | O48: IPCC defaults (2006), volume 2, chapter 2, table 2.3, p.2.18 - 2.19 และ Convert ค่าโดยอาศัยค่าคุณลักษณะเชื้อเพลิง | P48: 1.44 | R48: 0.000432 | S48: 5.76e-05 | AB48: TGO | AC48: TGO 1 กรกฎาคม 2569 | AD48: IPCC defaults (2006), volume 2, chapter 2, table 2.3, p.2.18 - 2.19 และ Convert ค่าโดยอาศัยค่าคุณลักษณะเชื้อเพลิง | AE48: Mon Aug 03 2026 07:08:39 GMT+0700 (Indochina Time) | AF48: Tue Aug 25 2026 09:39:57 GMT+0700 (Indochina Time)
A49: e4c001f4-27ee-5c60-95fe-3324f95fb71f | B49: 1 | C49: a1000001-0001-4001-8001-000000000001 | D49: 1) การเผาไหม้อยู่กับที่ (Stationary combustion) | E49: 1) Stationary combustion | F49: EF001-48 | G49: Paddy husk: Report in Scope 1 | I49: kg | J49: 0.02736 | O49: นับเฉพาะ CH4 และ N2O | R49: 0.000432 | S49: 5.76e-05 | AB49: TGO | AC49: TGO 1 กรกฎาคม 2569 | AD49: นับเฉพาะ CH4 และ N2O | AE49: Mon Aug 03 2026 07:08:39 GMT+0700 (Indochina Time) | AF49: Tue Aug 25 2026 09:39:57 GMT+0700 (Indochina Time)
A50: 6c369e1e-8fd6-5276-84a5-d971a56cd663 | B50: 4 | C50: a1000004-0004-4004-8004-000000000014 | D50: แยกรายงานการใช้พลังงาน | E50: Energy Usage Reporting | F50: EF001-49 | G50: Paddy husk: Report in Biogenic CO2 emissions | I50: kg | J50: 1.44 | O50: นับเฉพาะ CO2 จาก biofuel | P50: 1.44 | AB50: TGO | AC50: TGO 1 กรกฎาคม 2569 | AD50: นับเฉพาะ CO2 จาก biofuel | AE50: Mon Aug 03 2026 07:08:39 GMT+0700 (Indochina Time) | AF50: Tue Aug 25 2026 09:39:57 GMT+0700 (Indochina Time)
A51: 534f8454-d3f1-504d-8417-6874341ed9b9 | B51: 1 | C51: a1000001-0001-4001-8001-000000000001 | D51: 1) การเผาไหม้อยู่กับที่ (Stationary combustion) | E51: 1) Stationary combustion | F51: EF001-50 | G51: Baggasse | I51: kg | J51: 0.767307 | O51: IPCC defaults (2006), volume 2, chapter 2, table 2.3, p.2.18 - 2.19 และ Convert ค่าโดยอาศัยค่าคุณลักษณะเชื้อเพลิง | P51: 0.753 | R51: 0.0002259 | S51: 3.012e-05 | AB51: TGO | AC51: TGO 1 กรกฎาคม 2569 | AD51: IPCC defaults (2006), volume 2, chapter 2, table 2.3, p.2.18 - 2.19 และ Convert ค่าโดยอาศัยค่าคุณลักษณะเชื้อเพลิง | AE51: Mon Aug 03 2026 07:08:39 GMT+0700 (Indochina Time) | AF51: Tue Aug 25 2026 09:39:57 GMT+0700 (Indochina Time)
A52: d2a30c86-6c9b-5401-814a-1da7baedcd0e | B52: 1 | C52: a1000001-0001-4001-8001-000000000001 | D52: 1) การเผาไหม้อยู่กับที่ (Stationary combustion) | E52: 1) Stationary combustion | F52: EF001-51 | G52: Baggasse: Report in Scope 1 | I52: kg | J52: 0.014307 | R52: 0.0002259 | S52: 3.012e-05 | AB52: TGO | AC52: TGO 1 กรกฎาคม 2569 | AE52: Mon Aug 03 2026 07:08:39 GMT+0700 (Indochina Time) | AF52: Tue Aug 25 2026 09:39:57 GMT+0700 (Indochina Time)
A53: ab8eeeba-e49c-5e1f-963d-e20a10eb8036 | B53: 4 | C53: a1000004-0004-4004-8004-000000000014 | D53: แยกรายงานการใช้พลังงาน | E53: Energy Usage Reporting | F53: EF001-52 | G53: Baggasse: Report in Biogenic CO2 emissions | I53: kg | J53: 0.753 | O53: นับเฉพาะ CO2 จาก biofuel | P53: 0.753 | AB53: TGO | AC53: TGO 1 กรกฎาคม 2569 | AD53: นับเฉพาะ CO2 จาก biofuel | AE53: Mon Aug 03 2026 07:08:39 GMT+0700 (Indochina Time) | AF53: Tue Aug 25 2026 09:39:57 GMT+0700 (Indochina Time)
A54: 9069e9ec-2cc9-56bf-b424-d37d7b9b1296 | B54: 1 | C54: a1000001-0001-4001-8001-000000000001 | D54: 1) การเผาไหม้อยู่กับที่ (Stationary combustion) | E54: 1) Stationary combustion | F54: EF001-53 | G54: Palm kernel shell | I54: kg | J54: 1.888207 | O54: IPCC defaults (2006), volume 2, chapter 2, table 2.3, p.2.18 - 2.19 และ Convert ค่าโดยอาศัยค่าคุณลักษณะเชื้อเพลิง | P54: 1.853 | R54: 0.0005559 | S54: 7.412e-05 | AB54: TGO | AC54: TGO 1 กรกฎาคม 2569 | AD54: IPCC defaults (2006), volume 2, chapter 2, table 2.3, p.2.18 - 2.19 และ Convert ค่าโดยอาศัยค่าคุณลักษณะเชื้อเพลิง | AE54: Mon Aug 03 2026 07:08:39 GMT+0700 (Indochina Time) | AF54: Tue Aug 25 2026 09:39:57 GMT+0700 (Indochina Time)
A55: 931f82b6-3f77-5398-9cba-a431b03904c8 | B55: 1 | C55: a1000001-0001-4001-8001-000000000001 | D55: 1) การเผาไหม้อยู่กับที่ (Stationary combustion) | E55: 1) Stationary combustion | F55: EF001-54 | G55: Palm kernel shell: Report in Scope 1 | I55: kg | J55: 0.035207 | O55: นับเฉพาะ CH4 และ N2O | R55: 0.0005559 | S55: 7.412e-05 | AB55: TGO | AC55: TGO 1 กรกฎาคม 2569 | AD55: นับเฉพาะ CH4 และ N2O | AE55: Mon Aug 03 2026 07:08:39 GMT+0700 (Indochina Time) | AF55: Tue Aug 25 2026 09:39:57 GMT+0700 (Indochina Time)
A56: 847b9ca0-ded5-529e-afb4-f8a011ab49b1 | B56: 4 | C56: a1000004-0004-4004-8004-000000000014 | D56: แยกรายงานการใช้พลังงาน | E56: Energy Usage Reporting | F56: EF001-55 | G56: Palm kernel shell: Report in Biogenic CO2 emissions | I56: kg | J56: 1.853 | O56: นับเฉพาะ CO2 จาก biofuel | P56: 1.853 | AB56: TGO | AC56: TGO 1 กรกฎาคม 2569 | AD56: นับเฉพาะ CO2 จาก biofuel | AE56: Mon Aug 03 2026 07:08:39 GMT+0700 (Indochina Time) | AF56: Tue Aug 25 2026 09:39:57 GMT+0700 (Indochina Time)
A57: 05010271-6667-5021-b53a-e6a8bcff1def | B57: 1 | C57: a1000001-0001-4001-8001-000000000001 | D57: 1) การเผาไหม้อยู่กับที่ (Stationary combustion) | E57: 1) Stationary combustion | F57: EF001-56 | G57: Cob | I57: kg | J57: 1.709882 | O57: IPCC defaults (2006), volume 2, chapter 2, table 2.3, p.2.18 - 2.19 และ Convert ค่าโดยอาศัยค่าคุณลักษณะเชื้อเพลิง | P57: 1.678 | R57: 0.0005034 | S57: 6.712e-05 | AB57: TGO | AC57: TGO 1 กรกฎาคม 2569 | AD57: IPCC defaults (2006), volume 2, chapter 2, table 2.3, p.2.18 - 2.19 และ Convert ค่าโดยอาศัยค่าคุณลักษณะเชื้อเพลิง | AE57: Mon Aug 03 2026 07:08:39 GMT+0700 (Indochina Time) | AF57: Tue Aug 25 2026 09:39:57 GMT+0700 (Indochina Time)
A58: 5527a071-2d2b-56df-a454-585daecd7c92 | B58: 1 | C58: a1000001-0001-4001-8001-000000000001 | D58: 1) การเผาไหม้อยู่กับที่ (Stationary combustion) | E58: 1) Stationary combustion | F58: EF001-57 | G58: Cob: Report in Scope 1 | I58: kg | J58: 0.031882 | O58: นับเฉพาะ CH4 และ N2O | R58: 0.0005034 | S58: 6.712e-05 | AB58: TGO | AC58: TGO 1 กรกฎาคม 2569 | AD58: นับเฉพาะ CH4 และ N2O | AE58: Mon Aug 03 2026 07:08:39 GMT+0700 (Indochina Time) | AF58: Tue Aug 25 2026 09:39:57 GMT+0700 (Indochina Time)
A59: 83106160-e2d0-50ec-85e3-d70640ab18cf | B59: 4 | C59: a1000004-0004-4004-8004-000000000014 | D59: แยกรายงานการใช้พลังงาน | E59: Energy Usage Reporting | F59: EF001-58 | G59: Cob: Report in Biogenic CO2 emissions | I59: kg | J59: 1.678 | O59: นับเฉพาะ CO2 จาก biofuel | P59: 1.678 | AB59: TGO | AC59: TGO 1 กรกฎาคม 2569 | AD59: นับเฉพาะ CO2 จาก biofuel | AE59: Mon Aug 03 2026 07:08:39 GMT+0700 (Indochina Time) | AF59: Tue Aug 25 2026 09:39:57 GMT+0700 (Indochina Time)
A60: e7a5242b-0ae8-5736-ad02-cc435f74bfba | B60: 1 | C60: a1000001-0001-4001-8001-000000000001 | D60: 1) การเผาไหม้อยู่กับที่ (Stationary combustion) | E60: 1) Stationary combustion | F60: EF001-59 | G60: Biogas | I60: m3 | J60: 1.1439187 | O60: IPCC defaults (2006), volume 2, chapter 2, table 2.3, p.2.18 - 2.19 และ Convert ค่าโดยอาศัยค่าคุณลักษณะเชื้อเพลิง | P60: 1.142778 | R60: 2.093e-05 | S60: 2.093e-06 | AB60: TGO | AC60: TGO 1 กรกฎาคม 2569 | AD60: IPCC defaults (2006), volume 2, chapter 2, table 2.3, p.2.18 - 2.19 และ Convert ค่าโดยอาศัยค่าคุณลักษณะเชื้อเพลิง | AE60: Mon Aug 03 2026 07:08:39 GMT+0700 (Indochina Time) | AF60: Tue Aug 25 2026 09:39:57 GMT+0700 (Indochina Time)
A61: 900ae32d-e687-567d-8f92-3f7fd3c3fcb8 | B61: 1 | C61: a1000001-0001-4001-8001-000000000001 | D61: 1) การเผาไหม้อยู่กับที่ (Stationary combustion) | E61: 1) Stationary combustion | F61: EF001-60 | G61: Biogas: Report in Scope 1 | I61: m3 | J61: 0.001140685 | O61: นับเฉพาะ CH4 และ N2O | R61: 2.093e-05 | S61: 2.093e-06 | AB61: TGO | AC61: TGO 1 กรกฎาคม 2569 | AD61: นับเฉพาะ CH4 และ N2O | AE61: Mon Aug 03 2026 07:08:39 GMT+0700 (Indochina Time) | AF61: Tue Aug 25 2026 09:39:57 GMT+0700 (Indochina Time)
A62: dc194e19-978d-5be2-a2f6-b90f2bd0de12 | B62: 4 | C62: a1000004-0004-4004-8004-000000000014 | D62: แยกรายงานการใช้พลังงาน | E62: Energy Usage Reporting | F62: EF001-61 | G62: Biogas: Report in Biogenic CO2 emissions | I62: m3 | J62: 1.142778 | O62: นับเฉพาะ CO2 จาก biofuel | P62: 1.142778 | AB62: TGO | AC62: TGO 1 กรกฎาคม 2569 | AD62: นับเฉพาะ CO2 จาก biofuel | AE62: Mon Aug 03 2026 07:08:39 GMT+0700 (Indochina Time) | AF62: Tue Aug 25 2026 09:39:57 GMT+0700 (Indochina Time)
A63: fdc4f649-ce59-50ce-a45b-51af89ac7c81 | B63: 1 | C63: a1000001-0001-4001-8001-000000000002 | D63: 2.1) การเผาไหม้ที่มีการเคลื่อนที่ (Mobile combustion) (Off road) | E63: 2.1) Mobile combustion (Off road) | F63: EF002-1 | G63: LPG | I63: kg | J63: 3.2057381 | O63: IPCC defaults (2006) และ Convert ค่าโดยอาศัยค่าคุณลักษณะเชื้อเพลิง | P63: 3.1105963 | R63: 0.0024648148 | S63: 9.8592593e-05 | AB63: TGO | AC63: TGO 1 กรกฎาคม 2569 | AD63: IPCC defaults (2006) และ Convert ค่าโดยอาศัยค่าคุณลักษณะเชื้อเพลิง | AE63: Mon Aug 03 2026 07:08:39 GMT+0700 (Indochina Time) | AF63: Tue Aug 25 2026 09:39:57 GMT+0700 (Indochina Time)
A64: 11930eaf-9a2c-5c3b-b1d2-738a7845aa58 | B64: 1 | C64: a1000001-0001-4001-8001-000000000002 | D64: 2.1) การเผาไหม้ที่มีการเคลื่อนที่ (Mobile combustion) (Off road) | E64: 2.1) Mobile combustion (Off road) | F64: EF002-2 | G64: Diesel: Aggriculture | I64: Liter | J64: 2.9789812 | O64: IPCC defaults (2006), volume 2, chapter 3, table 3.3.1 และ Convert ค่าโดยอาศัยค่าคุณลักษณะเชื้อเพลิง | P64: 2.698722 | R64: 0.000151143 | S64: 0.001041612 | AB64: TGO | AC64: TGO 1 กรกฎาคม 2569 | AD64: IPCC defaults (2006), volume 2, chapter 3, table 3.3.1 และ Convert ค่าโดยอาศัยค่าคุณลักษณะเชื้อเพลิง | AE64: Mon Aug 03 2026 07:08:39 GMT+0700 (Indochina Time) | AF64: Tue Aug 25 2026 09:39:57 GMT+0700 (Indochina Time)
A65: 5dd7dd7e-2331-5f5b-b4e7-e35611a891a8 | B65: 1 | C65: a1000001-0001-4001-8001-000000000002 | D65: 2.1) การเผาไหม้ที่มีการเคลื่อนที่ (Mobile combustion) (Off road) | E65: 2.1) Mobile combustion (Off road) | F65: EF002-3 | G65: Diesel: Forestry | I65: Liter | J65: 2.9789812 | O65: IPCC defaults (2006), volume 2, chapter 3, table 3.3.1 และ Convert ค่าโดยอาศัยค่าคุณลักษณะเชื้อเพลิง | P65: 2.698722 | R65: 0.000151143 | S65: 0.001041612 | AB65: TGO | AC65: TGO 1 กรกฎาคม 2569 | AD65: IPCC defaults (2006), volume 2, chapter 3, table 3.3.1 และ Convert ค่าโดยอาศัยค่าคุณลักษณะเชื้อเพลิง | AE65: Mon Aug 03 2026 07:08:39 GMT+0700 (Indochina Time) | AF65: Tue Aug 25 2026 09:39:57 GMT+0700 (Indochina Time)
A66: 0bd8fd1b-330b-54e3-b598-c2f21a89dfc2 | B66: 1 | C66: a1000001-0001-4001-8001-000000000002 | D66: 2.1) การเผาไหม้ที่มีการเคลื่อนที่ (Mobile combustion) (Off road) | E66: 2.1) Mobile combustion (Off road) | F66: EF002-4 | G66: Diesel: Industry | I66: Liter | J66: 2.9789812 | O66: IPCC defaults (2006), volume 2, chapter 3, table 3.3.1 และ Convert ค่าโดยอาศัยค่าคุณลักษณะเชื้อเพลิง | P66: 2.698722 | R66: 0.000151143 | S66: 0.001041612 | AB66: TGO | AC66: TGO 1 กรกฎาคม 2569 | AD66: IPCC defaults (2006), volume 2, chapter 3, table 3.3.1 และ Convert ค่าโดยอาศัยค่าคุณลักษณะเชื้อเพลิง | AE66: Mon Aug 03 2026 07:08:39 GMT+0700 (Indochina Time) | AF66: Tue Aug 25 2026 09:39:57 GMT+0700 (Indochina Time)
A67: 5307fda0-1d72-5703-8dea-3b089042f16b | B67: 1 | C67: a1000001-0001-4001-8001-000000000002 | D67: 2.1) การเผาไหม้ที่มีการเคลื่อนที่ (Mobile combustion) (Off road) | E67: 2.1) Mobile combustion (Off road) | F67: EF002-5 | G67: Diesel: Household | I67: Liter | J67: 2.9789812 | O67: IPCC defaults (2006), volume 2, chapter 3, table 3.3.1 และ Convert ค่าโดยอาศัยค่าคุณลักษณะเชื้อเพลิง | P67: 2.698722 | R67: 0.000151143 | S67: 0.001041612 | AB67: TGO | AC67: TGO 1 กรกฎาคม 2569 | AD67: IPCC defaults (2006), volume 2, chapter 3, table 3.3.1 และ Convert ค่าโดยอาศัยค่าคุณลักษณะเชื้อเพลิง | AE67: Mon Aug 03 2026 07:08:39 GMT+0700 (Indochina Time) | AF67: Tue Aug 25 2026 09:39:57 GMT+0700 (Indochina Time)
A68: bd1cafc2-f478-5d80-b24e-2411b15fcf08 | B68: 1 | C68: a1000001-0001-4001-8001-000000000002 | D68: 2.1) การเผาไหม้ที่มีการเคลื่อนที่ (Mobile combustion) (Off road) | E68: 2.1) Mobile combustion (Off road) | F68: EF002-6 | G68: Biodiesel | I68: Liter | J68: 1.643976 | O68: IPCC defaults (2006) และ Convert ค่าโดยอาศัยค่าคุณลักษณะเชื้อเพลิง | P68: 1.643976 | AB68: TGO | AC68: TGO 1 กรกฎาคม 2569 | AD68: IPCC defaults (2006) และ Convert ค่าโดยอาศัยค่าคุณลักษณะเชื้อเพลิง | AE68: Mon Aug 03 2026 07:08:39 GMT+0700 (Indochina Time) | AF68: Tue Aug 25 2026 09:39:57 GMT+0700 (Indochina Time)
A69: 774fc00d-0e04-5c62-8317-ead692741fac | B69: 1 | C69: a1000001-0001-4001-8001-000000000002 | D69: 2.1) การเผาไหม้ที่มีการเคลื่อนที่ (Mobile combustion) (Off road) | E69: 2.1) Mobile combustion (Off road) | F69: EF002-7 | G69: Ethanol, Bio-gasoline | I69: Liter | J69: 1.4967828 | O69: IPCC defaults (2006) และ Convert ค่าโดยอาศัยค่าคุณลักษณะเชื้อเพลิง | P69: 1.4967828 | AB69: TGO | AC69: TGO 1 กรกฎาคม 2569 | AD69: IPCC defaults (2006) และ Convert ค่าโดยอาศัยค่าคุณลักษณะเชื้อเพลิง | AE69: Mon Aug 03 2026 07:08:39 GMT+0700 (Indochina Time) | AF69: Tue Aug 25 2026 09:39:57 GMT+0700 (Indochina Time)
A70: f032d4d6-3c75-5c2f-bf66-d2a02d939f31 | B70: 1 | C70: a1000001-0001-4001-8001-000000000002 | D70: 2.1) การเผาไหม้ที่มีการเคลื่อนที่ (Mobile combustion) (Off road) | E70: 2.1) Mobile combustion (Off road) | F70: EF002-8 | G70: Motor Gasoline 4-stroke: Aggriculture | I70: Liter | J70: 2.2687636 | O70: IPCC defaults (2006), volume 2, chapter 3, table 3.3.1 และ Convert ค่าโดยอาศัยค่าคุณลักษณะเชื้อเพลิง | P70: 2.181564 | R70: 0.0025184 | S70: 6.296e-05 | AB70: TGO | AC70: TGO 1 กรกฎาคม 2569 | AD70: IPCC defaults (2006), volume 2, chapter 3, table 3.3.1 และ Convert ค่าโดยอาศัยค่าคุณลักษณะเชื้อเพลิง | AE70: Mon Aug 03 2026 07:08:39 GMT+0700 (Indochina Time) | AF70: Tue Aug 25 2026 09:39:57 GMT+0700 (Indochina Time)
A71: 49d7815c-70f8-5ad7-b7b8-1991441ac9d6 | B71: 1 | C71: a1000001-0001-4001-8001-000000000002 | D71: 2.1) การเผาไหม้ที่มีการเคลื่อนที่ (Mobile combustion) (Off road) | E71: 2.1) Mobile combustion (Off road) | F71: EF002-9 | G71: Motor Gasoline 4-stroke: Forestry | I71: Liter | J71: 2.181564 | O71: IPCC defaults (2006), volume 2, chapter 3, table 3.3.1 และ Convert ค่าโดยอาศัยค่าคุณลักษณะเชื้อเพลิง | P71: 2.181564 | AB71: TGO | AC71: TGO 1 กรกฎาคม 2569 | AD71: IPCC defaults (2006), volume 2, chapter 3, table 3.3.1 และ Convert ค่าโดยอาศัยค่าคุณลักษณะเชื้อเพลิง | AE71: Mon Aug 03 2026 07:08:39 GMT+0700 (Indochina Time) | AF71: Tue Aug 25 2026 09:39:57 GMT+0700 (Indochina Time)
A72: b6adbc98-15bb-5d55-9632-771ef263fc4a | B72: 1 | C72: a1000001-0001-4001-8001-000000000002 | D72: 2.1) การเผาไหม้ที่มีการเคลื่อนที่ (Mobile combustion) (Off road) | E72: 2.1) Mobile combustion (Off road) | F72: EF002-10 | G72: Motor Gasoline 4-stroke: Industry | I72: Liter | J72: 2.2423204 | O72: IPCC defaults (2006), volume 2, chapter 3, table 3.3.1 และ Convert ค่าโดยอาศัยค่าคุณลักษณะเชื้อเพลิง | P72: 2.181564 | R72: 0.001574 | S72: 6.296e-05 | AB72: TGO | AC72: TGO 1 กรกฎาคม 2569 | AD72: IPCC defaults (2006), volume 2, chapter 3, table 3.3.1 และ Convert ค่าโดยอาศัยค่าคุณลักษณะเชื้อเพลิง | AE72: Mon Aug 03 2026 07:08:39 GMT+0700 (Indochina Time) | AF72: Tue Aug 25 2026 09:39:57 GMT+0700 (Indochina Time)
A73: b9fa64a6-d74a-5226-bab3-da5289e3fb1f | B73: 1 | C73: a1000001-0001-4001-8001-000000000002 | D73: 2.1) การเผาไหม้ที่มีการเคลื่อนที่ (Mobile combustion) (Off road) | E73: 2.1) Mobile combustion (Off road) | F73: EF002-11 | G73: Motor Gasoline 4-stroke: Household | I73: Liter | J73: 2.3040212 | O73: IPCC defaults (2006), volume 2, chapter 3, table 3.3.1 และ Convert ค่าโดยอาศัยค่าคุณลักษณะเชื้อเพลิง | P73: 2.181564 | R73: 0.0037776 | S73: 6.296e-05 | AB73: TGO | AC73: TGO 1 กรกฎาคม 2569 | AD73: IPCC defaults (2006), volume 2, chapter 3, table 3.3.1 และ Convert ค่าโดยอาศัยค่าคุณลักษณะเชื้อเพลิง | AE73: Mon Aug 03 2026 07:08:39 GMT+0700 (Indochina Time) | AF73: Tue Aug 25 2026 09:39:57 GMT+0700 (Indochina Time)
A74: c18b5ee5-2b88-57b1-b227-9b4955557ca7 | B74: 1 | C74: a1000001-0001-4001-8001-000000000002 | D74: 2.1) การเผาไหม้ที่มีการเคลื่อนที่ (Mobile combustion) (Off road) | E74: 2.1) Mobile combustion (Off road) | F74: EF002-12 | G74: Motor Gasoline 2-stroke: Aggriculture | I74: Liter | J74: 2.3083025 | O74: IPCC defaults (2006), volume 2, chapter 3, table 3.3.1 และ Convert ค่าโดยอาศัยค่าคุณลักษณะเชื้อเพลิง | P74: 2.181564 | R74: 0.0044072 | S74: 1.2592e-05 | AB74: TGO | AC74: TGO 1 กรกฎาคม 2569 | AD74: IPCC defaults (2006), volume 2, chapter 3, table 3.3.1 และ Convert ค่าโดยอาศัยค่าคุณลักษณะเชื้อเพลิง | AE74: Mon Aug 03 2026 07:08:39 GMT+0700 (Indochina Time) | AF74: Tue Aug 25 2026 09:39:57 GMT+0700 (Indochina Time)
A75: 58f43ac2-68f5-5b0a-9565-240af2501563 | B75: 1 | C75: a1000001-0001-4001-8001-000000000002 | D75: 2.1) การเผาไหม้ที่มีการเคลื่อนที่ (Mobile combustion) (Off road) | E75: 2.1) Mobile combustion (Off road) | F75: EF002-13 | G75: Motor Gasoline 2-stroke: Forestry | I75: Liter | J75: 2.3347457 | O75: IPCC defaults (2006), volume 2, chapter 3, table 3.3.1 และ Convert ค่าโดยอาศัยค่าคุณลักษณะเชื้อเพลิง | P75: 2.181564 | R75: 0.0053516 | S75: 1.2592e-05 | AB75: TGO | AC75: TGO 1 กรกฎาคม 2569 | AD75: IPCC defaults (2006), volume 2, chapter 3, table 3.3.1 และ Convert ค่าโดยอาศัยค่าคุณลักษณะเชื้อเพลิง | AE75: Mon Aug 03 2026 07:08:39 GMT+0700 (Indochina Time) | AF75: Tue Aug 25 2026 09:39:57 GMT+0700 (Indochina Time)
A76: a0d4812e-746d-5ff6-a4a1-bfce6a9c4c60 | B76: 1 | C76: a1000001-0001-4001-8001-000000000002 | D76: 2.1) การเผาไหม้ที่มีการเคลื่อนที่ (Mobile combustion) (Off road) | E76: 2.1) Mobile combustion (Off road) | F76: EF002-14 | G76: Motor Gasoline 2-stroke: Industry | I76: Liter | J76: 2.2994881 | O76: IPCC defaults (2006), volume 2, chapter 3, table 3.3.1 และ Convert ค่าโดยอาศัยค่าคุณลักษณะเชื้อเพลิง | P76: 2.181564 | R76: 0.0040924 | S76: 1.2592e-05 | AB76: TGO | AC76: TGO 1 กรกฎาคม 2569 | AD76: IPCC defaults (2006), volume 2, chapter 3, table 3.3.1 และ Convert ค่าโดยอาศัยค่าคุณลักษณะเชื้อเพลิง | AE76: Mon Aug 03 2026 07:08:39 GMT+0700 (Indochina Time) | AF76: Tue Aug 25 2026 09:39:57 GMT+0700 (Indochina Time)
A77: f204f2d8-9a2d-511f-8eaf-610204b03e0a | B77: 1 | C77: a1000001-0001-4001-8001-000000000002 | D77: 2.1) การเผาไหม้ที่มีการเคลื่อนที่ (Mobile combustion) (Off road) | E77: 2.1) Mobile combustion (Off road) | F77: EF002-15 | G77: Motor Gasoline 2-stroke: Household | I77: Liter | J77: 2.3435601 | O77: IPCC defaults (2006), volume 2, chapter 3, table 3.3.1 และ Convert ค่าโดยอาศัยค่าคุณลักษณะเชื้อเพลิง | P77: 2.181564 | R77: 0.0056664 | S77: 1.2592e-05 | AB77: TGO | AC77: TGO 1 กรกฎาคม 2569 | AD77: IPCC defaults (2006), volume 2, chapter 3, table 3.3.1 และ Convert ค่าโดยอาศัยค่าคุณลักษณะเชื้อเพลิง | AE77: Mon Aug 03 2026 07:08:39 GMT+0700 (Indochina Time) | AF77: Tue Aug 25 2026 09:39:57 GMT+0700 (Indochina Time)
A78: a07927d8-fc01-5edf-a8f6-cbcfea9f6ff6 | B78: 1 | C78: a1000001-0001-4001-8001-000000000002 | D78: 2.1) การเผาไหม้ที่มีการเคลื่อนที่ (Mobile combustion) (Off road) | E78: 2.1) Mobile combustion (Off road) | F78: EF002-16 | G78: Diesel B7 | I78: Liter | J78: 2.905149 | O78: คิดที่สัดส่วนไบโอดีเซล (7%) | P78: 2.6248898 | R78: 0.000151143 | S78: 0.001041612 | AB78: TGO | AC78: TGO 1 กรกฎาคม 2569 | AD78: คิดที่สัดส่วนไบโอดีเซล (7%) | AE78: Mon Aug 03 2026 07:08:39 GMT+0700 (Indochina Time) | AF78: Tue Aug 25 2026 09:39:57 GMT+0700 (Indochina Time)
A79: fcaba8bf-5d7d-5a9e-82fb-2abfbcbfdee0 | B79: 1 | C79: a1000001-0001-4001-8001-000000000002 | D79: 2.1) การเผาไหม้ที่มีการเคลื่อนที่ (Mobile combustion) (Off road) | E79: 2.1) Mobile combustion (Off road) | F79: EF002-17 | G79: Diesel B7: Report in Scope 1 | I79: Liter | J79: 2.7900706 | O79: นับเฉพาะ CO2 จาก fossil fuel, CH4 และ N2O | P79: 2.5098115 | R79: 0.000151143 | S79: 0.001041612 | AB79: TGO | AC79: TGO 1 กรกฎาคม 2569 | AD79: นับเฉพาะ CO2 จาก fossil fuel, CH4 และ N2O | AE79: Mon Aug 03 2026 07:08:39 GMT+0700 (Indochina Time) | AF79: Tue Aug 25 2026 09:39:57 GMT+0700 (Indochina Time)
A80: a693d1f0-5ddb-50d7-aca9-2304987b6e23 | B80: 4 | C80: a1000004-0004-4004-8004-000000000014 | D80: แยกรายงานการใช้พลังงาน | E80: Energy Usage Reporting | F80: EF002-18 | G80: Diesel B7: Report in Biogenic CO2 emissions | I80: Liter | J80: 0.11507832 | O80: นับเฉพาะ CO2 จาก biofuel | P80: 0.11507832 | AB80: TGO | AC80: TGO 1 กรกฎาคม 2569 | AD80: นับเฉพาะ CO2 จาก biofuel | AE80: Mon Aug 03 2026 07:08:39 GMT+0700 (Indochina Time) | AF80: Tue Aug 25 2026 09:39:57 GMT+0700 (Indochina Time)
A81: da794d15-096d-54e3-8bbf-7e97f20676eb | B81: 1 | C81: a1000001-0001-4001-8001-000000000002 | D81: 2.1) การเผาไหม้ที่มีการเคลื่อนที่ (Mobile combustion) (Off road) | E81: 2.1) Mobile combustion (Off road) | F81: EF002-19 | G81: Gasohol E10, 4-stroke: Aggriculture | I81: Liter | J81: 2.2002855 | O81: คิดที่สัดส่วนเอทานอล (10%) | P81: 2.1130859 | R81: 0.0025184 | S81: 6.296e-05 | AB81: TGO | AC81: TGO 1 กรกฎาคม 2569 | AD81: คิดที่สัดส่วนเอทานอล (10%) | AE81: Mon Aug 03 2026 07:08:39 GMT+0700 (Indochina Time) | AF81: Tue Aug 25 2026 09:39:57 GMT+0700 (Indochina Time)
A82: 8439c996-6cbf-5091-acd7-fb48c2043a0a | B82: 1 | C82: a1000001-0001-4001-8001-000000000002 | D82: 2.1) การเผาไหม้ที่มีการเคลื่อนที่ (Mobile combustion) (Off road) | E82: 2.1) Mobile combustion (Off road) | F82: EF002-20 | G82: Gasohol E10: Report in Scope 1 | I82: Liter | J82: 2.0506072 | O82: นับเฉพาะ CO2 จาก fossil fuel, CH4 และ N2O | P82: 1.9634076 | R82: 0.0025184 | S82: 6.296e-05 | AB82: TGO | AC82: TGO 1 กรกฎาคม 2569 | AD82: นับเฉพาะ CO2 จาก fossil fuel, CH4 และ N2O | AE82: Mon Aug 03 2026 07:08:39 GMT+0700 (Indochina Time) | AF82: Tue Aug 25 2026 09:39:57 GMT+0700 (Indochina Time)
A83: 22d47ed8-712f-53a7-a94a-cff7bcfbf512 | B83: 4 | C83: a1000004-0004-4004-8004-000000000014 | D83: แยกรายงานการใช้พลังงาน | E83: Energy Usage Reporting | F83: EF002-21 | G83: Gasohol E10: Report in Biogenic CO2 emissions | I83: Liter | J83: 0.14967828 | O83: นับเฉพาะ CO2 จาก biofuel | P83: 0.14967828 | AB83: TGO | AC83: TGO 1 กรกฎาคม 2569 | AD83: นับเฉพาะ CO2 จาก biofuel | AE83: Mon Aug 03 2026 07:08:39 GMT+0700 (Indochina Time) | AF83: Tue Aug 25 2026 09:39:57 GMT+0700 (Indochina Time)
A84: d919b6eb-4d7e-5a96-b5cb-7f539f077ff2 | B84: 1 | C84: a1000001-0001-4001-8001-000000000002 | D84: 2.1) การเผาไหม้ที่มีการเคลื่อนที่ (Mobile combustion) (Off road) | E84: 2.1) Mobile combustion (Off road) | F84: EF002-22 | G84: Gasohol E10, 4-stroke: Forestry | I84: Liter | J84: 2.1130859 | O84: คิดที่สัดส่วนเอทานอล (10%) | P84: 2.1130859 | AB84: TGO | AC84: TGO 1 กรกฎาคม 2569 | AD84: คิดที่สัดส่วนเอทานอล (10%) | AE84: Mon Aug 03 2026 07:08:39 GMT+0700 (Indochina Time) | AF84: Tue Aug 25 2026 09:39:57 GMT+0700 (Indochina Time)
A85: 21d6dde6-0f00-5cf0-8ea0-ac73fbf3a046 | B85: 1 | C85: a1000001-0001-4001-8001-000000000002 | D85: 2.1) การเผาไหม้ที่มีการเคลื่อนที่ (Mobile combustion) (Off road) | E85: 2.1) Mobile combustion (Off road) | F85: EF002-23 | G85: Gasohol E10: Report in Scope 1 | I85: Liter | J85: 1.9634076 | O85: นับเฉพาะ CO2 จาก fossil fuel, CH4 และ N2O | P85: 1.9634076 | AB85: TGO | AC85: TGO 1 กรกฎาคม 2569 | AD85: นับเฉพาะ CO2 จาก fossil fuel, CH4 และ N2O | AE85: Mon Aug 03 2026 07:08:39 GMT+0700 (Indochina Time) | AF85: Tue Aug 25 2026 09:39:57 GMT+0700 (Indochina Time)
A86: c87d8e28-8606-5b36-8e6c-9e4899be8a2e | B86: 4 | C86: a1000004-0004-4004-8004-000000000014 | D86: แยกรายงานการใช้พลังงาน | E86: Energy Usage Reporting | F86: EF002-24 | G86: Gasohol E10: Report in Biogenic CO2 emissions | I86: Liter | J86: 0.14967828 | O86: นับเฉพาะ CO2 จาก biofuel | P86: 0.14967828 | AB86: TGO | AC86: TGO 1 กรกฎาคม 2569 | AD86: นับเฉพาะ CO2 จาก biofuel | AE86: Mon Aug 03 2026 07:08:39 GMT+0700 (Indochina Time) | AF86: Tue Aug 25 2026 09:39:57 GMT+0700 (Indochina Time)
A87: 1d6d6bad-25a9-5fb9-8675-bd675f5a7e27 | B87: 1 | C87: a1000001-0001-4001-8001-000000000002 | D87: 2.1) การเผาไหม้ที่มีการเคลื่อนที่ (Mobile combustion) (Off road) | E87: 2.1) Mobile combustion (Off road) | F87: EF002-25 | G87: Gasohol E10, 4-stroke: Industry | I87: Liter | J87: 2.1738423 | O87: คิดที่สัดส่วนเอทานอล (10%) | P87: 2.1130859 | R87: 0.001574 | S87: 6.296e-05 | AB87: TGO | AC87: TGO 1 กรกฎาคม 2569 | AD87: คิดที่สัดส่วนเอทานอล (10%) | AE87: Mon Aug 03 2026 07:08:39 GMT+0700 (Indochina Time) | AF87: Tue Aug 25 2026 09:39:57 GMT+0700 (Indochina Time)
A88: 91ad7d9d-ded0-5d85-8aa0-0856ff9c8652 | B88: 1 | C88: a1000001-0001-4001-8001-000000000002 | D88: 2.1) การเผาไหม้ที่มีการเคลื่อนที่ (Mobile combustion) (Off road) | E88: 2.1) Mobile combustion (Off road) | F88: EF002-26 | G88: Gasohol E10: Report in Scope 1 | I88: Liter | J88: 2.024164 | O88: นับเฉพาะ CO2 จาก fossil fuel, CH4 และ N2O | P88: 1.9634076 | R88: 0.001574 | S88: 6.296e-05 | AB88: TGO | AC88: TGO 1 กรกฎาคม 2569 | AD88: นับเฉพาะ CO2 จาก fossil fuel, CH4 และ N2O | AE88: Mon Aug 03 2026 07:08:39 GMT+0700 (Indochina Time) | AF88: Tue Aug 25 2026 09:39:57 GMT+0700 (Indochina Time)
A89: 2f9041ac-36d8-5ed1-8989-f70dd68a1831 | B89: 4 | C89: a1000004-0004-4004-8004-000000000014 | D89: แยกรายงานการใช้พลังงาน | E89: Energy Usage Reporting | F89: EF002-27 | G89: Gasohol E10: Report in Biogenic CO2 emissions | I89: Liter | J89: 0.14967828 | O89: นับเฉพาะ CO2 จาก biofuel | P89: 0.14967828 | AB89: TGO | AC89: TGO 1 กรกฎาคม 2569 | AD89: นับเฉพาะ CO2 จาก biofuel | AE89: Mon Aug 03 2026 07:08:39 GMT+0700 (Indochina Time) | AF89: Tue Aug 25 2026 09:39:57 GMT+0700 (Indochina Time)
A90: 33e8e068-ea3d-5b2a-9faf-ce5b42c8d461 | B90: 1 | C90: a1000001-0001-4001-8001-000000000002 | D90: 2.1) การเผาไหม้ที่มีการเคลื่อนที่ (Mobile combustion) (Off road) | E90: 2.1) Mobile combustion (Off road) | F90: EF002-28 | G90: Gasohol E10, 4-stroke: Household | I90: Liter | J90: 2.2355431 | O90: คิดที่สัดส่วนเอทานอล (10%) | P90: 2.1130859 | R90: 0.0037776 | S90: 6.296e-05 | AB90: TGO | AC90: TGO 1 กรกฎาคม 2569 | AD90: คิดที่สัดส่วนเอทานอล (10%) | AE90: Mon Aug 03 2026 07:08:39 GMT+0700 (Indochina Time) | AF90: Tue Aug 25 2026 09:39:57 GMT+0700 (Indochina Time)
A91: 85d2cced-7412-50ec-ae72-f0ee6812e37f | B91: 1 | C91: a1000001-0001-4001-8001-000000000002 | D91: 2.1) การเผาไหม้ที่มีการเคลื่อนที่ (Mobile combustion) (Off road) | E91: 2.1) Mobile combustion (Off road) | F91: EF002-29 | G91: Gasohol E10: Report in Scope 1 | I91: Liter | J91: 2.0858648 | O91: นับเฉพาะ CO2 จาก fossil fuel, CH4 และ N2O | P91: 1.9634076 | R91: 0.0037776 | S91: 6.296e-05 | AB91: TGO | AC91: TGO 1 กรกฎาคม 2569 | AD91: นับเฉพาะ CO2 จาก fossil fuel, CH4 และ N2O | AE91: Mon Aug 03 2026 07:08:39 GMT+0700 (Indochina Time) | AF91: Tue Aug 25 2026 09:39:57 GMT+0700 (Indochina Time)
A92: 0a70765b-13c1-5d78-9b79-d33329f0e4ef | B92: 4 | C92: a1000004-0004-4004-8004-000000000014 | D92: แยกรายงานการใช้พลังงาน | E92: Energy Usage Reporting | F92: EF002-30 | G92: Gasohol E10: Report in Biogenic CO2 emissions | I92: Liter | J92: 0.14967828 | O92: นับเฉพาะ CO2 จาก biofuel | P92: 0.14967828 | AB92: TGO | AC92: TGO 1 กรกฎาคม 2569 | AD92: นับเฉพาะ CO2 จาก biofuel | AE92: Mon Aug 03 2026 07:08:39 GMT+0700 (Indochina Time) | AF92: Tue Aug 25 2026 09:39:57 GMT+0700 (Indochina Time)
A93: a9b6397e-c7ba-5b5d-918b-c693cd98de21 | B93: 1 | C93: a1000001-0001-4001-8001-000000000002 | D93: 2.1) การเผาไหม้ที่มีการเคลื่อนที่ (Mobile combustion) (Off road) | E93: 2.1) Mobile combustion (Off road) | F93: EF002-31 | G93: Gasohol E10, 2-stroke: Aggriculture | I93: Liter | J93: 2.2398244 | O93: คิดที่สัดส่วนเอทานอล (10%) | P93: 2.1130859 | R93: 0.0044072 | S93: 1.2592e-05 | AB93: TGO | AC93: TGO 1 กรกฎาคม 2569 | AD93: คิดที่สัดส่วนเอทานอล (10%) | AE93: Mon Aug 03 2026 07:08:39 GMT+0700 (Indochina Time) | AF93: Tue Aug 25 2026 09:39:57 GMT+0700 (Indochina Time)
A94: 69767209-b53d-58b9-bd70-503dfdae4f5c | B94: 1 | C94: a1000001-0001-4001-8001-000000000002 | D94: 2.1) การเผาไหม้ที่มีการเคลื่อนที่ (Mobile combustion) (Off road) | E94: 2.1) Mobile combustion (Off road) | F94: EF002-32 | G94: Gasohol E10: Report in Scope 1 | I94: Liter | J94: 2.0901461 | O94: นับเฉพาะ CO2 จาก fossil fuel, CH4 และ N2O | P94: 1.9634076 | R94: 0.0044072 | S94: 1.2592e-05 | AB94: TGO | AC94: TGO 1 กรกฎาคม 2569 | AD94: นับเฉพาะ CO2 จาก fossil fuel, CH4 และ N2O | AE94: Mon Aug 03 2026 07:08:39 GMT+0700 (Indochina Time) | AF94: Tue Aug 25 2026 09:39:57 GMT+0700 (Indochina Time)
A95: b472a93f-feb8-5273-8c02-8e6d7d3e5ade | B95: 4 | C95: a1000004-0004-4004-8004-000000000014 | D95: แยกรายงานการใช้พลังงาน | E95: Energy Usage Reporting | F95: EF002-33 | G95: Gasohol E10: Report in Biogenic CO2 emissions | I95: Liter | J95: 0.14967828 | O95: นับเฉพาะ CO2 จาก biofuel | P95: 0.14967828 | AB95: TGO | AC95: TGO 1 กรกฎาคม 2569 | AD95: นับเฉพาะ CO2 จาก biofuel | AE95: Mon Aug 03 2026 07:08:39 GMT+0700 (Indochina Time) | AF95: Tue Aug 25 2026 09:39:57 GMT+0700 (Indochina Time)
A96: cef5d0e2-8900-5da5-9f20-46a96ec1485f | B96: 1 | C96: a1000001-0001-4001-8001-000000000002 | D96: 2.1) การเผาไหม้ที่มีการเคลื่อนที่ (Mobile combustion) (Off road) | E96: 2.1) Mobile combustion (Off road) | F96: EF002-34 | G96: Gasohol E10, 2-stroke: Forestry | I96: Liter | J96: 2.2662676 | O96: คิดที่สัดส่วนเอทานอล (10%) | P96: 2.1130859 | R96: 0.0053516 | S96: 1.2592e-05 | AB96: TGO | AC96: TGO 1 กรกฎาคม 2569 | AD96: คิดที่สัดส่วนเอทานอล (10%) | AE96: Mon Aug 03 2026 07:08:39 GMT+0700 (Indochina Time) | AF96: Tue Aug 25 2026 09:39:57 GMT+0700 (Indochina Time)
A97: 84453dd4-2c0c-5519-9207-530300fbca4b | B97: 1 | C97: a1000001-0001-4001-8001-000000000002 | D97: 2.1) การเผาไหม้ที่มีการเคลื่อนที่ (Mobile combustion) (Off road) | E97: 2.1) Mobile combustion (Off road) | F97: EF002-35 | G97: Gasohol E10: Report in Scope 1 | I97: Liter | J97: 2.1165893 | O97: นับเฉพาะ CO2 จาก fossil fuel, CH4 และ N2O | P97: 1.9634076 | R97: 0.0053516 | S97: 1.2592e-05 | AB97: TGO | AC97: TGO 1 กรกฎาคม 2569 | AD97: นับเฉพาะ CO2 จาก fossil fuel, CH4 และ N2O | AE97: Mon Aug 03 2026 07:08:39 GMT+0700 (Indochina Time) | AF97: Tue Aug 25 2026 09:39:57 GMT+0700 (Indochina Time)
A98: fe8ce8e1-e2c0-5da0-9d70-288593a476b4 | B98: 4 | C98: a1000004-0004-4004-8004-000000000014 | D98: แยกรายงานการใช้พลังงาน | E98: Energy Usage Reporting | F98: EF002-36 | G98: Gasohol E10: Report in Biogenic CO2 emissions | I98: Liter | J98: 0.14967828 | O98: นับเฉพาะ CO2 จาก biofuel | P98: 0.14967828 | AB98: TGO | AC98: TGO 1 กรกฎาคม 2569 | AD98: นับเฉพาะ CO2 จาก biofuel | AE98: Mon Aug 03 2026 07:08:39 GMT+0700 (Indochina Time) | AF98: Tue Aug 25 2026 09:39:57 GMT+0700 (Indochina Time)
A99: 6d32c113-fb9d-5943-aab3-9cfff5261dbe | B99: 1 | C99: a1000001-0001-4001-8001-000000000002 | D99: 2.1) การเผาไหม้ที่มีการเคลื่อนที่ (Mobile combustion) (Off road) | E99: 2.1) Mobile combustion (Off road) | F99: EF002-37 | G99: Gasohol E10, 2-stroke: Industry | I99: Liter | J99: 2.23101 | O99: คิดที่สัดส่วนเอทานอล (10%) | P99: 2.1130859 | R99: 0.0040924 | S99: 1.2592e-05 | AB99: TGO | AC99: TGO 1 กรกฎาคม 2569 | AD99: คิดที่สัดส่วนเอทานอล (10%) | AE99: Mon Aug 03 2026 07:08:39 GMT+0700 (Indochina Time) | AF99: Tue Aug 25 2026 09:39:57 GMT+0700 (Indochina Time)
A100: cb9dc83d-c64c-5cc1-acf4-61a93c665dd4 | B100: 1 | C100: a1000001-0001-4001-8001-000000000002 | D100: 2.1) การเผาไหม้ที่มีการเคลื่อนที่ (Mobile combustion) (Off road) | E100: 2.1) Mobile combustion (Off road) | F100: EF002-38 | G100: Gasohol E10: Report in Scope 1 | I100: Liter | J100: 2.0813317 | O100: นับเฉพาะ CO2 จาก fossil fuel, CH4 และ N2O | P100: 1.9634076 | R100: 0.0040924 | S100: 1.2592e-05 | AB100: TGO | AC100: TGO 1 กรกฎาคม 2569 | AD100: นับเฉพาะ CO2 จาก fossil fuel, CH4 และ N2O | AE100: Mon Aug 03 2026 07:08:39 GMT+0700 (Indochina Time) | AF100: Tue Aug 25 2026 09:39:57 GMT+0700 (Indochina Time)
...

Sheet fuel_resources ที่ต้องเพิ่ม
A1: id | B1: scope_category_id | C1: resource | D1: sub_category | E1: unit | F1: ef_value | J1: value1_label | L1: value1_unit | M1: value2_label | N1: value2_unit | O1: ref_info | P1: ref_co2 | Q1: ref_fossil_ch4 | R1: ref_ch4 | S1: ref_n2o | T1: ref_sf6 | U1: ref_nf3 | V1: ref_hfcs | W1: ref_pfcs | X1: gwp100_hfcs | Y1: gwp100_pfcs | Z1: extraghg_ef | AA1: extraghg_gwp100 | AB1: ref_source | AC1: version | AD1: ref_code | AE1: sort_index | AF1: multiplier | AG1: description | AH1: meta
A2: ee0888d1-b4b9-5c44-83df-d0a7ab889acd | B2: a1000001-0001-4001-8001-000000000001 | C2: Acetelyne: kg | E2: kg | F2: 3.3846154 | G2: ='Fuel Resources ล่าสุด'!G2 -> Natural Gas (NCV) | H2: =IF(COUNTIF(G:G,C2)>0,"ซ้ำกัน","ไม่ซ้ำกัน") -> ไม่ซ้ำกัน | I2: {=_xlfn._xlws.FILTER(C2:C1798,COUNTIF(G2:G1798,C2:C1798)=0)} -> Acetelyne: kg | O2: 2C2H2+502 → 4CO2+2H2O (MWC2H2 =26, MWCO2 =44) | P2: 3.3846154 | Q2: 0 | R2: 0 | S2: 0 | AC2: พฤษภาคม 2569 | AF2: 1 | AH2: {}
A3: cf958594-d2b3-5115-aed7-30896180ea46 | B3: a1000003-0003-4003-8003-000000000007 | C3: Acrylonitrile Butadiene Styrene (ABS) | D3: กลุ่มปิโตรเคมี | E3: kg | F3: 4.1597 | G3: ='Fuel Resources ล่าสุด'!G3 -> Natural Gas (NCV) | H3: =IF(COUNTIF(G:G,C3)>0,"ซ้ำกัน","ไม่ซ้ำกัน") -> ซ้ำกัน | I3: Antracite: kg | O3: Thai National LCI Database, TIIS-MTEC-NSTDA (with TGO electricity 2016-2018) | AC3: พฤษภาคม 2569 | AF3: 1 | AH3: {}
A4: e219b9cc-f1a6-5de5-815f-a00ddddf58f7 | B4: a1000003-0003-4003-8003-000000000007 | C4: Acrylonitrile Butadiene Styrene (ABS) | D4: กลุ่มปิโตรเคมี | E4: kg | F4: 4.5845 | G4: ='Fuel Resources ล่าสุด'!G4 -> Natural Gas (HHV) | H4: =IF(COUNTIF(G:G,C4)>0,"ซ้ำกัน","ไม่ซ้ำกัน") -> ซ้ำกัน | I4: Biodiesel: L | O4: TGO_CFP_Thai National LCI Database, TIIS-MTEC-NSTDA (with TGO electricity 2022-2024) | AC4: พฤษภาคม 2569 | AF4: 1 | AH4: {}
A5: dd40f44e-e037-5b57-a66f-29975ad67984 | B5: a1000001-0001-4001-8001-000000000005 | C5: Aerobic treatment plant Not well managed | E5: kgCO2 | F5: 2.1 | G5: ='Fuel Resources ล่าสุด'!G5 -> Natural Gas (HHV) | H5: =IF(COUNTIF(G:G,C5)>0,"ซ้ำกัน","ไม่ซ้ำกัน") -> ซ้ำกัน | I5: Biodiesel: L | J5: ปริมาณน้ำเสีย | L5: m3 | M5: ปริมาน COD ที่ออกจากระบบ | N5: kg/m3 | O5: IPCC Vol.5 table 6.8 | R5: 1 | AC5: พฤษภาคม 2569 | AF5: 1 | AH5: {}
A6: 3fdffa80-203a-5609-8776-9fd9902f7a99 | B6: a1000001-0001-4001-8001-000000000005 | C6: Aerobic treatment plant well managed | E6: kgCO2 | F6: 0 | G6: ='Fuel Resources ล่าสุด'!G6 -> LPG | H6: =IF(COUNTIF(G:G,C6)>0,"ซ้ำกัน","ไม่ซ้ำกัน") -> ซ้ำกัน | I6: Biodiesel: L | J6: ปริมาณน้ำเสีย | L6: m3 | M6: ปริมาน COD ที่ออกจากระบบ | N6: kg/m3 | O6: IPCC Vol.5 table 6.8 | R6: 1 | AC6: พฤษภาคม 2569 | AF6: 1 | AH6: {}
A7: 13a345b6-7b7e-57da-bc79-1238c7c1eadf | B7: a1000001-0001-4001-8001-000000000005 | C7: Anaerobic deep lagoon | E7: kgCO2 | F7: 5.6 | G7: ='Fuel Resources ล่าสุด'!G7 -> LPG | H7: =IF(COUNTIF(G:G,C7)>0,"ซ้ำกัน","ไม่ซ้ำกัน") -> ซ้ำกัน | I7: Biogasollne (Ethanol) | J7: ปริมาณน้ำเสีย | L7: m3 | M7: ปริมาน COD ที่ออกจากระบบ | N7: kg/m3 | O7: IPCC Vol.5 table 6.8 | R7: 1 | AC7: พฤษภาคม 2569 | AF7: 1 | AH7: {}
A8: e2eeec62-a329-5244-9416-b84accbf99fe | B8: a1000001-0001-4001-8001-000000000005 | C8: Anaerobic digester for sludge | E8: kgCO2 | F8: 5.6 | G8: ='Fuel Resources ล่าสุด'!G8 -> Acetelyne | H8: =IF(COUNTIF(G:G,C8)>0,"ซ้ำกัน","ไม่ซ้ำกัน") -> ซ้ำกัน | I8: Bituminous Coal: kg | J8: ปริมาณน้ำเสีย | L8: m3 | M8: ปริมาน COD ที่ออกจากระบบ | N8: kg/m3 | O8: IPCC Vol.5 table 6.8 | R8: 1 | AC8: พฤษภาคม 2569 | AF8: 1 | AH8: {}
A9: 8b9f16cd-2513-5e2f-967a-53e52a6c583e | B9: a1000001-0001-4001-8001-000000000005 | C9: Anaerobic reactor | E9: kgCO2 | F9: 5.6 | G9: ='Fuel Resources ล่าสุด'!G9 -> Ethane | H9: =IF(COUNTIF(G:G,C9)>0,"ซ้ำกัน","ไม่ซ้ำกัน") -> ซ้ำกัน | I9: Butane: kg | J9: ปริมาณน้ำเสีย | L9: m3 | M9: ปริมาน COD ที่ออกจากระบบ | N9: kg/m3 | O9: IPCC Vol.5 table 6.8 | R9: 1 | AC9: พฤษภาคม 2569 | AF9: 1 | AH9: {}
A10: f46ba01f-f2c9-5df7-853a-49c4a3938ad2 | B10: a1000001-0001-4001-8001-000000000005 | C10: Anaerobic shallow lagoon | E10: kgCO2 | F10: 1.4 | G10: ='Fuel Resources ล่าสุด'!G10 -> Propane | H10: =IF(COUNTIF(G:G,C10)>0,"ซ้ำกัน","ไม่ซ้ำกัน") -> ซ้ำกัน | I10: Carbon dioxide (ก๊าซคาร์บอนไดออกไซด์) | J10: ปริมาณน้ำเสีย | L10: m3 | M10: ปริมาน COD ที่ออกจากระบบ | N10: kg/m3 | O10: IPCC Vol.5 table 6.8 | R10: 1 | AC10: พฤษภาคม 2569 | AF10: 1 | AH10: {}
A11: 327f9882-e40e-55b0-8223-e54f569d5a57 | B11: a1000001-0001-4001-8001-000000000001 | C11: Antracite: kg | E11: kg | F11: 3.1078935 | G11: ='Fuel Resources ล่าสุด'!G11 -> Butane | H11: =IF(COUNTIF(G:G,C11)>0,"ซ้ำกัน","ไม่ซ้ำกัน") -> ไม่ซ้ำกัน | I11: Carbon dioxide (ก๊าซคาร์บอนไดออกไซด์) | O11: IPCC defaults (2006), volume 2, chapter 2, table 2.3, p.2.18 - 2.19 และ Convert ค่าโดยอาศัยค่าคุณลักษณะเชื้อเพลิง | P11: 3.08662 | Q11: 0 | R11: 0.000314 | S11: 4.71e-05 | AC11: พฤษภาคม 2569 | AF11: 1 | AH11: {}
A12: b08891b3-fe46-5192-909c-60300690967d | B12: a1000004-0004-4004-8004-000000000014 | C12: Baggasse | E12: kg | F12: 0.753 | G12: ='Fuel Resources ล่าสุด'!G12 -> Fuel Oil A | H12: =IF(COUNTIF(G:G,C12)>0,"ซ้ำกัน","ไม่ซ้ำกัน") -> ซ้ำกัน | I12: Carbon dioxide (ก๊าซคาร์บอนไดออกไซด์) | O12: IPCC defaults (2006), volume 2, chapter 2, table 2.3, p.2.18 - 2.19 และ Convert ค่าโดยอาศัยค่าคุณลักษณะเชื้อเพลิง | AC12: พฤษภาคม 2569 | AF12: 1 | AH12: {}
A13: e7327bfc-1e5b-5235-9dea-610ab5cf0979 | B13: a1000001-0001-4001-8001-000000000001 | C13: Baggasse | E13: kg | F13: 0.014307 | G13: ='Fuel Resources ล่าสุด'!G13 -> Fuel Oil C | H13: =IF(COUNTIF(G:G,C13)>0,"ซ้ำกัน","ไม่ซ้ำกัน") -> ซ้ำกัน | I13: Chemical tanker | O13: IPCC defaults (2006), volume 2, chapter 2, table 2.3, p.2.18 - 2.19 และ Convert ค่าโดยอาศัยค่าคุณลักษณะเชื้อเพลิง | Q13: 0 | R13: 0.0002259 | S13: 3.012e-05 | AC13: พฤษภาคม 2569 | AF13: 1 | AH13: {}
A14: da67b128-d9f6-5124-9d9e-f260c3be146f | B14: a1000003-0003-4003-8003-000000000007 | C14: Benzene | D14: กลุ่มปิโตรเคมี | E14: kg | F14: 1.3268 | G14: ='Fuel Resources ล่าสุด'!G14 -> Jet Kerosene | H14: =IF(COUNTIF(G:G,C14)>0,"ซ้ำกัน","ไม่ซ้ำกัน") -> ซ้ำกัน | I14: Chemical tanker | O14: Thai National LCI Database, TIIS-MTEC-NSTDA (with TGO electricity 2016-2018) | AC14: พฤษภาคม 2569 | AF14: 1 | AH14: {}
A15: 965853d3-7431-541e-bb37-5e834f4aa3f2 | B15: a1000003-0003-4003-8003-000000000007 | C15: Benzene | D15: กลุ่มปิโตรเคมี | E15: kg | F15: 1.6128 | G15: ='Fuel Resources ล่าสุด'!G15 -> Other Kerosene | H15: =IF(COUNTIF(G:G,C15)>0,"ซ้ำกัน","ไม่ซ้ำกัน") -> ซ้ำกัน | I15: CNG: kg | O15: TGO_CFP_Thai National LCI Database, TIIS-MTEC-NSTDA (with TGO electricity 2022-2024) | AC15: พฤษภาคม 2569 | AF15: 1 | AH15: {}
A16: fb90a3b1-9bca-52c1-bbfd-cb72d9930e19 | B16: a1000001-0001-4001-8001-000000000001 | C16: Biodiesel: L | E16: Liter | F16: 1.6496185 | G16: ='Fuel Resources ล่าสุด'!G16 -> Diesel | H16: =IF(COUNTIF(G:G,C16)>0,"ซ้ำกัน","ไม่ซ้ำกัน") -> ไม่ซ้ำกัน | I16: Coking Coal: kg | O16: IPCC defaults (2006), volume 2, chapter 2, table 2.3, p.2.18 - 2.19 และ Convert ค่าโดยอาศัยค่าคุณลักษณะเชื้อเพลิง | P16: 1.643976 | R16: 6.966e-05 | S16: 1.3932e-05 | AC16: พฤษภาคม 2569 | AF16: 1 | AH16: {}
A17: b58a1e2f-bcb3-5f5b-99eb-a2e67bbc4a92 | B17: a1000001-0001-4001-8001-000000000002 | C17: Biodiesel: L | E17: Liter | F17: 1.643976 | G17: ='Fuel Resources ล่าสุด'!G17 -> Gasoline | H17: =IF(COUNTIF(G:G,C17)>0,"ซ้ำกัน","ไม่ซ้ำกัน") -> ไม่ซ้ำกัน | I17: Compressed Natural Gas | O17: IPCC defaults (2006) และ Convert ค่าโดยอาศัยค่าคุณลักษณะเชื้อเพลิง | P17: 1.643976 | AC17: พฤษภาคม 2569 | AF17: 1 | AH17: {}
A18: 4e0e4b29-8458-5d3a-bd54-e074919c865d | B18: a1000001-0001-4001-8001-000000000003 | C18: Biodiesel: L | E18: Liter | F18: 1.6705095 | G18: ='Fuel Resources ล่าสุด'!G18 -> Biodiesel | H18: =IF(COUNTIF(G:G,C18)>0,"ซ้ำกัน","ไม่ซ้ำกัน") -> ไม่ซ้ำกัน | I18: Compressed Natural Gas | O18: IPCC defaults (2006), volume 2, chapter 3, table 3.2.1 & 3.2.2 และ Convert ค่าโดยอาศัยค่าคุณลักษณะเชื้อเพลิง | P18: 1.643976 | Q18: 0 | R18: 9.0558e-05 | S18: 9.0558e-05 | AC18: พฤษภาคม 2569 | AF18: 1 | AH18: {}
A19: e6d4aef3-f57e-5eb6-ad47-12195f77bd29 | B19: a1000004-0004-4004-8004-000000000014 | C19: Biogas | E19: m3 | F19: 1.142778 | G19: ='Fuel Resources ล่าสุด'!G19 -> Bio-gasollne (Ethanol) | H19: =IF(COUNTIF(G:G,C19)>0,"ซ้ำกัน","ไม่ซ้ำกัน") -> ซ้ำกัน | I19: Compressed Natural Gas | O19: IPCC defaults (2006), volume 2, chapter 2, table 2.3, p.2.18 - 2.19 และ Convert ค่าโดยอาศัยค่าคุณลักษณะเชื้อเพลิง | AC19: พฤษภาคม 2569 | AF19: 1 | AH19: {}
A20: 359ba126-f70e-5a32-b975-9bc2950806b6 | B20: a1000001-0001-4001-8001-000000000001 | C20: Biogas | E20: m3 | F20: 0.001140685 | G20: ='Fuel Resources ล่าสุด'!G20 -> Diesel B7 (แบบคิด EF ของ Biofuel ด้วย) | H20: =IF(COUNTIF(G:G,C20)>0,"ซ้ำกัน","ไม่ซ้ำกัน") -> ซ้ำกัน | I20: Compressed Natural Gas | O20: IPCC defaults (2006), volume 2, chapter 2, table 2.3, p.2.18 - 2.19 และ Convert ค่าโดยอาศัยค่าคุณลักษณะเชื้อเพลิง | Q20: 0 | R20: 2.093e-05 | S20: 2.093e-06 | AC20: พฤษภาคม 2569 | AF20: 1 | AH20: {}
A21: 289cf586-3ecb-5ebf-86c7-a3137d4ead97 | B21: a1000001-0001-4001-8001-000000000001 | C21: Biogasollne (Ethanol) | E21: Liter | F21: 1.5019201 | G21: ='Fuel Resources ล่าสุด'!G21 -> Diesel B7: Report in Scope 1 | H21: =IF(COUNTIF(G:G,C21)>0,"ซ้ำกัน","ไม่ซ้ำกัน") -> ไม่ซ้ำกัน | I21: Crude tanker | O21: IPCC defaults (2006), volume 2, chapter 2, table 2.3, p.2.18 - 2.19 และ Convert ค่าโดยอาศัยค่าคุณลักษณะเชื้อเพลิง | P21: 1.4967828 | R21: 6.3423e-05 | S21: 1.26846e-05 | AC21: พฤษภาคม 2569 | AF21: 1 | AH21: {}
A22: 570b41ed-5259-54de-bc53-a074e557a7c3 | B22: a1000003-0003-4003-8003-000000000007 | C22: Bisphenol A (BPA) | D22: กลุ่มปิโตรเคมี | E22: kg | F22: 3.5411 | G22: ='Fuel Resources ล่าสุด'!G22 -> Diesel B7: Report in Biogenic CO2 emissions | H22: =IF(COUNTIF(G:G,C22)>0,"ซ้ำกัน","ไม่ซ้ำกัน") -> ซ้ำกัน | I22: Crude tanker | O22: TGO_CFP_Thai National LCI Database, TIIS-MTEC-NSTDA (with TGO electricity 2022-2024) | AC22: พฤษภาคม 2569 | AF22: 1 | AH22: {}
A23: 7fbfa91f-0d4b-5b39-b203-5d47927dfa37 | B23: a1000001-0001-4001-8001-000000000001 | C23: Bituminous Coal: kg | E23: kg | F23: 2.5124677 | G23: ='Fuel Resources ล่าสุด'!G23 -> Diesel B20 (แบบคิด EF ของ Biofuel ด้วย) | H23: =IF(COUNTIF(G:G,C23)>0,"ซ้ำกัน","ไม่ซ้ำกัน") -> ไม่ซ้ำกัน | I23: Diesel (20) | O23: IPCC defaults (2006), volume 2, chapter 2, table 2.3, p.2.18 - 2.19 และ Convert ค่าโดยอาศัยค่าคุณลักษณะเชื้อเพลิง | P23: 2.494602 | Q23: 0 | R23: 0.0002637 | S23: 3.9555e-05 | AC23: พฤษภาคม 2569 | AF23: 1 | AH23: {}
A24: 60d4df0c-3c76-508f-9b96-b6bb993b2980 | B24: a1000001-0001-4001-8001-000000000001 | C24: Butane: kg | E24: kg | F24: 3.0344828 | G24: ='Fuel Resources ล่าสุด'!G24 -> Diesel B20: Report in Scope 1 | H24: =IF(COUNTIF(G:G,C24)>0,"ซ้ำกัน","ไม่ซ้ำกัน") -> ไม่ซ้ำกัน | I24: Diesel (20) | O24: 2C4H10+ 1302 → 8CO2+10H2O (MWC4H10 =58, MWCO2 =44) | P24: 3.0344828 | Q24: 0 | R24: 0 | S24: 0 | AC24: พฤษภาคม 2569 | AF24: 1 | AH24: {}
A25: fe860d23-43d7-5a40-a12b-d614f5782349 | B25: a1000003-0003-4003-8003-000000000007 | C25: Caprolactam (CPL) | D25: กลุ่มปิโตรเคมี | E25: kg | F25: 1.2916 | G25: ='Fuel Resources ล่าสุด'!G25 -> Diesel B20: Report in Biogenic CO2 emissions | H25: =IF(COUNTIF(G:G,C25)>0,"ซ้ำกัน","ไม่ซ้ำกัน") -> ซ้ำกัน | I25: Diesel (B7) | O25: Thai National LCI Database, TIIS-MTEC-NSTDA (with TGO electricity 2016-2018) | AC25: พฤษภาคม 2569 | AF25: 1 | AH25: {}
A26: 1aeb2a64-e876-5d18-91fd-cbadbdb6462c | B26: a1000003-0003-4003-8003-000000000007 | C26: Caprolactam (CPL) | D26: กลุ่มปิโตรเคมี | E26: kg | F26: 2.784 | G26: ='Fuel Resources ล่าสุด'!G26 -> Gasohol (E10) | H26: =IF(COUNTIF(G:G,C26)>0,"ซ้ำกัน","ไม่ซ้ำกัน") -> ซ้ำกัน | I26: Diesel (B7) | O26: TGO_CFP_Thai National LCI Database, TIIS-MTEC-NSTDA (with TGO electricity 2022-2024) | AC26: พฤษภาคม 2569 | AF26: 1 | AH26: {}
A27: b31f7d9c-d543-5fe3-8784-c9a4f1d77ba4 | B27: a1000003-0003-4003-8003-000000000007 | C27: Carbon dioxide (ก๊าซคาร์บอนไดออกไซด์) | D27: กลุ่มผลิตภัณฑ์จากก๊าซธรรมชาติ | E27: kg | F27: 1.0017 | G27: ='Fuel Resources ล่าสุด'!G27 -> Gasohol E10: Report in Scope 1 | H27: =IF(COUNTIF(G:G,C27)>0,"ซ้ำกัน","ไม่ซ้ำกัน") -> ไม่ซ้ำกัน | I27: Diesel (น้ำมันดีเซล / น้ำมันโซล่าร์) | O27: TGO_CFP_Thai National LCI Database, TIIS-MTEC-NSTDA (with TGO electricity 2022-2024) | AC27: พฤษภาคม 2569 | AF27: 1 | AH27: {}
A28: 3bc1f7d2-eb8d-5f61-8dce-3228f9848c01 | B28: a1000003-0003-4003-8003-000000000009 | C28: Carbon dioxide (ก๊าซคาร์บอนไดออกไซด์) | E28: kg | F28: 1.0506 | G28: ='Fuel Resources ล่าสุด'!G28 -> Gasohol E10: Report in Biogenic CO2 emissions | H28: =IF(COUNTIF(G:G,C28)>0,"ซ้ำกัน","ไม่ซ้ำกัน") -> ไม่ซ้ำกัน | I28: Diesel (น้ำมันดีเซล / น้ำมันโซล่าร์) | O28: Thai National LCI Database, TIIS-MTEC-NSTDA (with TGO electricity 2016-2018) | AC28: พฤษภาคม 2569 | AF28: 1 | AH28: {}
A29: 0af7d0dc-59a4-5d2c-bfd3-339adc176192 | B29: a1000003-0003-4003-8003-000000000009 | C29: Carbon dioxide (ก๊าซคาร์บอนไดออกไซด์) | E29: kg | F29: 1.0017 | G29: ='Fuel Resources ล่าสุด'!G29 -> Gasohol (E20) | H29: =IF(COUNTIF(G:G,C29)>0,"ซ้ำกัน","ไม่ซ้ำกัน") -> ไม่ซ้ำกัน | I29: Diesel (น้ำมันดีเซล / น้ำมันโซล่าร์) | O29: TGO_CFP_Thai National LCI Database, TIIS-MTEC-NSTDA (with TGO electricity 2022-2024) | AC29: พฤษภาคม 2569 | AF29: 1 | AH29: {}
A30: 2a7bf84f-7cb7-5156-9f73-5dd282057e60 | B30: a1000001-0001-4001-8001-000000000005 | C30: CH4 Septictank | E30: kgCH4 | F30: 28 | G30: ='Fuel Resources ล่าสุด'!G30 -> Gasohol E20: Report in Scope 1 | H30: =IF(COUNTIF(G:G,C30)>0,"ซ้ำกัน","ไม่ซ้ำกัน") -> ซ้ำกัน | I30: Diesel B20 | J30: จำนวนคน | L30: คน/เดือน | M30: จำนวนวันทำงาน | N30: วัน/เดือน | O30: IPCC, AR5 | R30: 1 | AC30: พฤษภาคม 2569 | AF30: 0.012 | AH30: {}
A31: 712761d7-bf17-5ad6-b46e-21bf704a9d94 | B31: a1000004-0004-4004-8004-000000000014 | C31: Charcoal | E31: kg | F31: 3.23456 | G31: ='Fuel Resources ล่าสุด'!G31 -> Gasohol E20: Report in Biogenic CO2 emissions | H31: =IF(COUNTIF(G:G,C31)>0,"ซ้ำกัน","ไม่ซ้ำกัน") -> ซ้ำกัน | I31: Diesel B20 | O31: IPCC defaults (2006), volume 2, chapter 2, table 2.3, p.2.18 - 2.19 และ Convert ค่าโดยอาศัยค่าคุณลักษณะเชื้อเพลิง | AC31: พฤษภาคม 2569 | AF31: 1 | AH31: {}
A32: 40c56372-19d9-5700-9500-d72ee11f7c19 | B32: a1000001-0001-4001-8001-000000000001 | C32: Charcoal | E32: kg | F32: 0.054872 | G32: ='Fuel Resources ล่าสุด'!G32 -> Gasohol (E85) | H32: =IF(COUNTIF(G:G,C32)>0,"ซ้ำกัน","ไม่ซ้ำกัน") -> ซ้ำกัน | I32: Diesel: Aggriculture, L | O32: IPCC defaults (2006), volume 2, chapter 2, table 2.3, p.2.18 - 2.19 และ Convert ค่าโดยอาศัยค่าคุณลักษณะเชื้อเพลิง | Q32: 0 | R32: 0.0008664 | S32: 0.00011552 | AC32: พฤษภาคม 2569 | AF32: 1 | AH32: {}
A33: 2f367e19-019f-54fa-96af-14de1b6834b6 | B33: a1000003-0003-4003-8003-00000000000a | C33: Chemical tanker | D33: Marine transport | E33: tkm | F33: 0.01031 | G33: ='Fuel Resources ล่าสุด'!G33 -> Gasohol E85: Report in Scope 1 | H33: =IF(COUNTIF(G:G,C33)>0,"ซ้ำกัน","ไม่ซ้ำกัน") -> ไม่ซ้ำกัน | I33: Diesel: Forestry, L | O33: DEFRA: Greenhouse gas reporting: conversion factors 2025 | AC33: พฤษภาคม 2569 | AF33: 1 | AH33: {}
A34: d61a7c7c-cd2b-5bd9-9f07-b8d83ebee2d8 | B34: a1000003-0003-4003-8003-00000000000f | C34: Chemical tanker | D34: Marine transport | E34: tkm | F34: 0.01031 | G34: ='Fuel Resources ล่าสุด'!G34 -> Gasohol E85: Report in Biogenic CO2 emissions | H34: =IF(COUNTIF(G:G,C34)>0,"ซ้ำกัน","ไม่ซ้ำกัน") -> ไม่ซ้ำกัน | I34: Diesel: Household, L | O34: DEFRA: Greenhouse gas reporting: conversion factors 2025 | AC34: พฤษภาคม 2569 | AF34: 1 | AH34: {}
A35: 6434daae-847c-5f33-b285-b01a2d33dbb6 | B35: a1000001-0001-4001-8001-000000000003 | C35: CNG: kg | E35: kg | F35: 2.2539509 | G35: ='Fuel Resources ล่าสุด'!G35 -> Lignite | H35: =IF(COUNTIF(G:G,C35)>0,"ซ้ำกัน","ไม่ซ้ำกัน") -> ไม่ซ้ำกัน | I35: Diesel: Industry, L | O35: IPCC defaults (2006), volume 2, chapter 3, table 3.2.1 & 3.2.2 และ Convert ค่าโดยอาศัยค่าคุณลักษณะเชื้อเพลิง | P35: 2.12619 | Q35: 0 | R35: 0.0034868 | S35: 0.0001137 | AC35: พฤษภาคม 2569 | AF35: 1 | AH35: {}
A36: 42ef7d0d-10ce-5d13-86ef-a84251384613 | B36: a1000004-0004-4004-8004-000000000014 | C36: Cob | E36: kg | F36: 1.678 | G36: ='Fuel Resources ล่าสุด'!G36 -> Anthracite | H36: =IF(COUNTIF(G:G,C36)>0,"ซ้ำกัน","ไม่ซ้ำกัน") -> ซ้ำกัน | I36: Diesel: L | O36: IPCC defaults (2006), volume 2, chapter 2, table 2.3, p.2.18 - 2.19 และ Convert ค่าโดยอาศัยค่าคุณลักษณะเชื้อเพลิง | AC36: พฤษภาคม 2569 | AF36: 1 | AH36: {}
A37: f3abb2e2-9639-5445-ae13-476965f5cdf4 | B37: a1000001-0001-4001-8001-000000000001 | C37: Cob | E37: kg | F37: 0.031882 | G37: ='Fuel Resources ล่าสุด'!G37 -> Bituminous Coal | H37: =IF(COUNTIF(G:G,C37)>0,"ซ้ำกัน","ไม่ซ้ำกัน") -> ซ้ำกัน | I37: Diesel: L | O37: IPCC defaults (2006), volume 2, chapter 2, table 2.3, p.2.18 - 2.19 และ Convert ค่าโดยอาศัยค่าคุณลักษณะเชื้อเพลิง | Q37: 0 | R37: 0.0005034 | S37: 6.712e-05 | AC37: พฤษภาคม 2569 | AF37: 1 | AH37: {}
A38: 0d086e51-c6b5-5623-8dea-d016d82377b3 | B38: a1000001-0001-4001-8001-000000000001 | C38: Coking Coal: kg | E38: kg | F38: 2.6325173 | G38: ='Fuel Resources ล่าสุด'!G38 -> Coking Coal | H38: =IF(COUNTIF(G:G,C38)>0,"ซ้ำกัน","ไม่ซ้ำกัน") -> ไม่ซ้ำกัน | I38: Domestic | O38: IPCC defaults (2006), volume 2, chapter 2, table 2.3, p.2.18 - 2.19 และ Convert ค่าโดยอาศัยค่าคุณลักษณะเชื้อเพลิง | P38: 2.613798 | Q38: 0 | R38: 0.0002763 | S38: 4.1445e-05 | AC38: พฤษภาคม 2569 | AF38: 1 | AH38: {}
A39: dbbacb54-2cdc-5dc9-9697-eb4051a59fd4 | B39: a1000003-0003-4003-8003-00000000000c | C39: Compressed Natural Gas | D39: Road ทราบปริมาณเชื้อเพลิง | E39: kg | F39: 2.2609245 | G39: ='Fuel Resources ล่าสุด'!G39 -> Fuel wood | H39: =IF(COUNTIF(G:G,C39)>0,"ซ้ำกัน","ไม่ซ้ำกัน") -> ไม่ซ้ำกัน | I39: Domestic | O39: IPCC Vol.2 table 3.2.1, 3.2.2, PTT | AC39: พฤษภาคม 2569 | AF39: 1 | AH39: {}
A40: 04656bc9-673e-5f20-b6d1-0854b7f4ced0 | B40: a1000003-0003-4003-8003-00000000000c | C40: Compressed Natural Gas | D40: Road ทราบปริมาณเชื้อเพลิง | E40: kg | F40: 2.2539509 | G40: ='Fuel Resources ล่าสุด'!G40 -> Fuel wood: Report in Scope 1 | H40: =IF(COUNTIF(G:G,C40)>0,"ซ้ำกัน","ไม่ซ้ำกัน") -> ไม่ซ้ำกัน | I40: Electricity, grid mix (ไฟฟ้า) | O40: IPCC defaults (2006), volume 2, chapter 3, table 3.2.1 & 3.2.2 และ Convert ค่าโดยอาศัยค่าคุณลักษณะเชื้อเพลิง | AC40: พฤษภาคม 2569 | AF40: 1 | AH40: {}
A41: 34a2939b-554c-5293-8f4b-62ca8efedf0f | B41: a1000003-0003-4003-8003-00000000000d | C41: Compressed Natural Gas | D41: Road ทราบปริมาณเชื้อเพลิง | E41: kg | F41: 2.2609245 | G41: ='Fuel Resources ล่าสุด'!G41 -> Fuel wood: Report in Biogenic CO2 emissions | H41: =IF(COUNTIF(G:G,C41)>0,"ซ้ำกัน","ไม่ซ้ำกัน") -> ไม่ซ้ำกัน | I41: Ethane (อีเทน) | O41: IPCC Vol.2 table 3.2.1, 3.2.2, PTT | AC41: พฤษภาคม 2569 | AF41: 1 | AH41: {}
A42: 34811c3a-0547-5d0b-9035-94be3ed5f3f2 | B42: a1000003-0003-4003-8003-00000000000d | C42: Compressed Natural Gas | D42: Road ทราบปริมาณเชื้อเพลิง | E42: kg | F42: 2.2539509 | G42: ='Fuel Resources ล่าสุด'!G42 -> Saw dust | H42: =IF(COUNTIF(G:G,C42)>0,"ซ้ำกัน","ไม่ซ้ำกัน") -> ไม่ซ้ำกัน | I42: Ethane (อีเทน) | O42: IPCC defaults (2006), volume 2, chapter 3, table 3.2.1 & 3.2.2 และ Convert ค่าโดยอาศัยค่าคุณลักษณะเชื้อเพลิง | AC42: พฤษภาคม 2569 | AF42: 1 | AH42: {}
A43: 093ac317-7009-5cdc-a8f8-badd84e9bb86 | B43: a1000003-0003-4003-8003-00000000000a | C43: Crude tanker | D43: Marine transport | E43: tkm | F43: 0.00457 | G43: ='Fuel Resources ล่าสุด'!G43 -> Saw dust: Report in Scope 1 | H43: =IF(COUNTIF(G:G,C43)>0,"ซ้ำกัน","ไม่ซ้ำกัน") -> ไม่ซ้ำกัน | I43: Ethane (อีเทน) | O43: DEFRA: Greenhouse gas reporting: conversion factors 2025 | AC43: พฤษภาคม 2569 | AF43: 1 | AH43: {}
A44: c0b6490b-df82-535a-ad63-5eeff0bcd64d | B44: a1000003-0003-4003-8003-00000000000f | C44: Crude tanker | D44: Marine transport | E44: tkm | F44: 0.00457 | G44: ='Fuel Resources ล่าสุด'!G44 -> Saw dust: Report in Biogenic CO2 emissions | H44: =IF(COUNTIF(G:G,C44)>0,"ซ้ำกัน","ไม่ซ้ำกัน") -> ไม่ซ้ำกัน | I44: Ethane: kg | O44: DEFRA: Greenhouse gas reporting: conversion factors 2025 | AC44: พฤษภาคม 2569 | AF44: 1 | AH44: {}
A45: d219066b-75d5-54b4-b561-cbb0ee881b26 | B45: a1000003-0003-4003-8003-000000000007 | C45: Cumene | D45: กลุ่มปิโตรเคมี | E45: kg | F45: 1.7067 | G45: ='Fuel Resources ล่าสุด'!G45 -> Charcoal | H45: =IF(COUNTIF(G:G,C45)>0,"ซ้ำกัน","ไม่ซ้ำกัน") -> ซ้ำกัน | I45: Ethanol (Biogasoline) | O45: TGO_CFP_Thai National LCI Database, TIIS-MTEC-NSTDA (with TGO electricity 2022-2024) | AC45: พฤษภาคม 2569 | AF45: 1 | AH45: {}
A46: 1c3c10a4-68d8-5d00-abae-059b1fdc02c8 | B46: a1000003-0003-4003-8003-000000000007 | C46: Cyclohexane (CX) | D46: กลุ่มปิโตรเคมี | E46: kg | F46: 1.4132 | G46: ='Fuel Resources ล่าสุด'!G46 -> Charcoal: Report in Scope 1 | H46: =IF(COUNTIF(G:G,C46)>0,"ซ้ำกัน","ไม่ซ้ำกัน") -> ซ้ำกัน | I46: Ethanol, Biogasoline: L | O46: Thai National LCI Database, TIIS-MTEC-NSTDA (with TGO electricity 2016-2018) | AC46: พฤษภาคม 2569 | AF46: 1 | AH46: {}
A47: cc4fdad6-0cb7-579b-a261-3ce076abd49f | B47: a1000003-0003-4003-8003-000000000007 | C47: Cyclohexane (CX) | D47: กลุ่มปิโตรเคมี | E47: kg | F47: 2.0625 | G47: ='Fuel Resources ล่าสุด'!G47 -> Charcoal: Report in Biogenic CO2 emissions | H47: =IF(COUNTIF(G:G,C47)>0,"ซ้ำกัน","ไม่ซ้ำกัน") -> ซ้ำกัน | I47: Ferry: Average (all passenger) | O47: TGO_CFP_Thai National LCI Database, TIIS-MTEC-NSTDA (with TGO electricity 2022-2024) | AC47: พฤษภาคม 2569 | AF47: 1 | AH47: {}
A48: e47eaae1-a9a4-5af1-9035-8231475676b9 | B48: a1000004-0004-4004-8004-000000000014 | C48: Diesel (20) | E48: Liter | F48: 0.3287952 | G48: ='Fuel Resources ล่าสุด'!G48 -> Paddy husk | H48: =IF(COUNTIF(G:G,C48)>0,"ซ้ำกัน","ไม่ซ้ำกัน") -> ไม่ซ้ำกัน | I48: Ferry: Average (all passenger) | O48: IPCC defaults (2006), volume 2, chapter 3, table 3.2.1 & 3.2.2 และ Convert ค่าโดยอาศัยค่าคุณลักษณะเชื้อเพลิง | AC48: พฤษภาคม 2569 | AF48: 1 | AH48: {}
A49: ff97cf20-90ec-5859-8ed9-10fd383c319c | B49: a1000001-0001-4001-8001-000000000003 | C49: Diesel (20) | E49: Liter | F49: 2.197578 | G49: ='Fuel Resources ล่าสุด'!G49 -> Paddy husk: Report in Scope 1 | H49: =IF(COUNTIF(G:G,C49)>0,"ซ้ำกัน","ไม่ซ้ำกัน") -> ไม่ซ้ำกัน | I49: Ferry: Car passenger | O49: IPCC defaults (2006), volume 2, chapter 3, table 3.2.1 & 3.2.2 และ Convert ค่าโดยอาศัยค่าคุณลักษณะเชื้อเพลิง | P49: 2.1589776 | Q49: 0 | R49: 0.000131742 | S49: 0.000131742 | AC49: พฤษภาคม 2569 | AF49: 1 | AH49: {}
A50: 48597cf1-da3a-5a67-a4a4-615012fbbfef | B50: a1000004-0004-4004-8004-000000000014 | C50: Diesel (B7) | E50: Liter | F50: 0.11507832 | G50: ='Fuel Resources ล่าสุด'!G50 -> Paddy husk: Report in Biogenic CO2 emissions | H50: =IF(COUNTIF(G:G,C50)>0,"ซ้ำกัน","ไม่ซ้ำกัน") -> ไม่ซ้ำกัน | I50: Ferry: Car passenger | O50: IPCC defaults (2006), volume 2, chapter 3, table 3.2.1 & 3.2.2 และ Convert ค่าโดยอาศัยค่าคุณลักษณะเชื้อเพลิง | AC50: พฤษภาคม 2569 | AF50: 1 | AH50: {}
A51: f0d56259-6e5b-5d6c-96ac-c89111f42545 | B51: a1000001-0001-4001-8001-000000000003 | C51: Diesel (B7) | E51: Liter | F51: 2.5503727 | G51: ='Fuel Resources ล่าสุด'!G51 -> Baggasse | H51: =IF(COUNTIF(G:G,C51)>0,"ซ้ำกัน","ไม่ซ้ำกัน") -> ไม่ซ้ำกัน | I51: Ferry: Foot passenger | O51: IPCC defaults (2006), volume 2, chapter 3, table 3.2.1 & 3.2.2 และ Convert ค่าโดยอาศัยค่าคุณลักษณะเชื้อเพลิง | P51: 2.5098115 | Q51: 0 | R51: 0.000138434 | S51: 0.000138434 | AC51: พฤษภาคม 2569 | AF51: 1 | AH51: {}
A52: ab0c342e-6d93-54c0-a12f-018fc541de88 | B52: a1000003-0003-4003-8003-000000000007 | C52: Diesel (น้ำมันดีเซล / น้ำมันโซล่าร์) | D52: กลุ่มพลังงานและเชื้อเพลิง | E52: kg | F52: 0.3503 | G52: ='Fuel Resources ล่าสุด'!G52 -> Baggasse: Report in Scope 1 | H52: =IF(COUNTIF(G:G,C52)>0,"ซ้ำกัน","ไม่ซ้ำกัน") -> ไม่ซ้ำกัน | I52: Ferry: Foot passenger | O52: TGO_CFP_Thai National LCI Database, TIIS-MTEC-NSTDA (with TGO electricity 2022-2024) | AC52: พฤษภาคม 2569 | AF52: 1 | AH52: {}
A53: 8056b753-2e1d-5b7f-a6d7-e853d24cb499 | B53: a1000003-0003-4003-8003-000000000009 | C53: Diesel (น้ำมันดีเซล / น้ำมันโซล่าร์) | E53: kg | F53: 0.3522 | G53: ='Fuel Resources ล่าสุด'!G53 -> Baggasse: Report in Biogenic CO2 emissions | H53: =IF(COUNTIF(G:G,C53)>0,"ซ้ำกัน","ไม่ซ้ำกัน") -> ไม่ซ้ำกัน | I53: Freight train | O53: Thai National LCI Database, TIIS-MTEC-NSTDA (with TGO electricity 2016-2018) | AC53: พฤษภาคม 2569 | AF53: 1 | AH53: {}
A54: 51c5390b-0c10-51ae-a919-4c5920966a1e | B54: a1000003-0003-4003-8003-000000000009 | C54: Diesel (น้ำมันดีเซล / น้ำมันโซล่าร์) | E54: kg | F54: 0.3503 | G54: ='Fuel Resources ล่าสุด'!G54 -> Palm kernel shell | H54: =IF(COUNTIF(G:G,C54)>0,"ซ้ำกัน","ไม่ซ้ำกัน") -> ไม่ซ้ำกัน | I54: Freight train | O54: TGO_CFP_Thai National LCI Database, TIIS-MTEC-NSTDA (with TGO electricity 2022-2024) | AC54: พฤษภาคม 2569 | AF54: 1 | AH54: {}
A55: 11c9ee1b-1387-5c1f-b639-6b1a8240516b | B55: a1000004-0004-4004-8004-000000000014 | C55: Diesel B20 | E55: Liter | F55: 0.3287952 | G55: ='Fuel Resources ล่าสุด'!G55 -> Palm kernel shell: Report in Scope 1 | H55: =IF(COUNTIF(G:G,C55)>0,"ซ้ำกัน","ไม่ซ้ำกัน") -> ไม่ซ้ำกัน | I55: Fuel oil (น้ำมันเตา) | O55: IPCC defaults (2006), volume 2, chapter 2, table 2.3, p.2.18 - 2.19 และ Convert ค่าโดยอาศัยค่าคุณลักษณะเชื้อเพลิง | AC55: พฤษภาคม 2569 | AF55: 1 | AH55: {}
A56: ec2be7f8-aa19-5c4c-87d8-a79d54b045c2 | B56: a1000001-0001-4001-8001-000000000001 | C56: Diesel B20 | E56: Liter | F56: 2.1671861 | G56: ='Fuel Resources ล่าสุด'!G56 -> Palm kernel shell: Report in Biogenic CO2 emissions | H56: =IF(COUNTIF(G:G,C56)>0,"ซ้ำกัน","ไม่ซ้ำกัน") -> ไม่ซ้ำกัน | I56: Fuel oil (น้ำมันเตา) | O56: IPCC defaults (2006), volume 2, chapter 2, table 2.3, p.2.18 - 2.19 และ Convert ค่าโดยอาศัยค่าคุณลักษณะเชื้อเพลิง | P56: 2.1589776 | Q56: 0 | R56: 0.00010134 | S56: 2.0268e-05 | AC56: พฤษภาคม 2569 | AF56: 1 | AH56: {}
A57: 05c0b43c-c65f-5735-b57f-e0f2a69c189c | B57: a1000004-0004-4004-8004-000000000014 | C57: Diesel B7 | E57: Liter | F57: 0.11507832 | G57: ='Fuel Resources ล่าสุด'!G57 -> Cob | H57: =IF(COUNTIF(G:G,C57)>0,"ซ้ำกัน","ไม่ซ้ำกัน") -> ซ้ำกัน | I57: Fuel oil (น้ำมันเตา) | O57: IPCC defaults (2006), volume 2, chapter 2, table 2.3, p.2.18 - 2.19 และ Convert ค่าโดยอาศัยค่าคุณลักษณะเชื้อเพลิง | AC57: พฤษภาคม 2569 | AF57: 1 | AH57: {}
A58: ed618d8a-3a24-5c5f-934f-dd49d881807a | B58: a1000004-0004-4004-8004-000000000014 | C58: Diesel B7 | E58: Liter | F58: 0.11507832 | G58: ='Fuel Resources ล่าสุด'!G58 -> Cob: Report in Scope 1 | H58: =IF(COUNTIF(G:G,C58)>0,"ซ้ำกัน","ไม่ซ้ำกัน") -> ซ้ำกัน | I58: Fuel Oil A: L | O58: IPCC defaults (2006), volume 2, chapter 3, table 3.3.1 และ Convert ค่าโดยอาศัยค่าคุณลักษณะเชื้อเพลิง | AC58: พฤษภาคม 2569 | AF58: 1 | AH58: {}
A59: 0f981f89-843f-512d-81d0-7300823c5c0b | B59: a1000001-0001-4001-8001-000000000001 | C59: Diesel B7 | E59: Liter | F59: 2.518437 | G59: ='Fuel Resources ล่าสุด'!G59 -> Cob: Report in Biogenic CO2 emissions | H59: =IF(COUNTIF(G:G,C59)>0,"ซ้ำกัน","ไม่ซ้ำกัน") -> ซ้ำกัน | I59: Fuel Oil C: L | O59: IPCC defaults (2006), volume 2, chapter 2, table 2.3, p.2.18 - 2.19 และ Convert ค่าโดยอาศัยค่าคุณลักษณะเชื้อเพลิง | P59: 2.5098115 | Q59: 0 | R59: 0.000106488 | S59: 2.12976e-05 | AC59: พฤษภาคม 2569 | AF59: 1 | AH59: {}
A60: fc82140f-5d03-5f8a-b3f1-8e3108fe025d | B60: a1000001-0001-4001-8001-000000000002 | C60: Diesel B7 | E60: Liter | F60: 2.7900706 | G60: ='Fuel Resources ล่าสุด'!G60 -> Biogas | H60: =IF(COUNTIF(G:G,C60)>0,"ซ้ำกัน","ไม่ซ้ำกัน") -> ซ้ำกัน | I60: Gas/ Diesel Oil | O60: IPCC defaults (2006), volume 2, chapter 3, table 3.3.1 และ Convert ค่าโดยอาศัยค่าคุณลักษณะเชื้อเพลิง | P60: 2.5098115 | Q60: 0 | R60: 0.000151143 | S60: 0.001041612 | AC60: พฤษภาคม 2569 | AF60: 1 | AH60: {}
A61: f1db0433-89b1-5d62-bbd0-0e7a62404f4f | B61: a1000001-0001-4001-8001-000000000002 | C61: Diesel: Aggriculture, L | E61: Liter | F61: 2.9789812 | G61: ='Fuel Resources ล่าสุด'!G61 -> Biogas: Report in Scope 1 | H61: =IF(COUNTIF(G:G,C61)>0,"ซ้ำกัน","ไม่ซ้ำกัน") -> ไม่ซ้ำกัน | I61: Gas/ Diesel Oil | O61: IPCC defaults (2006), volume 2, chapter 3, table 3.3.1 และ Convert ค่าโดยอาศัยค่าคุณลักษณะเชื้อเพลิง | P61: 2.698722 | Q61: 0 | R61: 0.000151143 | S61: 0.001041612 | AC61: พฤษภาคม 2569 | AF61: 1 | AH61: {}
A62: 5aee04eb-7159-553c-b5f7-460c6d8ddff4 | B62: a1000001-0001-4001-8001-000000000002 | C62: Diesel: Forestry, L | E62: Liter | F62: 2.9789812 | G62: ='Fuel Resources ล่าสุด'!G62 -> Biogas: Report in Biogenic CO2 emissions | H62: =IF(COUNTIF(G:G,C62)>0,"ซ้ำกัน","ไม่ซ้ำกัน") -> ไม่ซ้ำกัน | I62: Gas/ Diesel Oil | O62: IPCC defaults (2006), volume 2, chapter 3, table 3.3.1 และ Convert ค่าโดยอาศัยค่าคุณลักษณะเชื้อเพลิง | P62: 2.698722 | Q62: 0 | R62: 0.000151143 | S62: 0.001041612 | AC62: พฤษภาคม 2569 | AF62: 1 | AH62: {}
A63: 6fc60196-cc7a-5825-9867-798d803d597c | B63: a1000001-0001-4001-8001-000000000002 | C63: Diesel: Household, L | E63: Liter | F63: 2.9789812 | G63: ='Fuel Resources ล่าสุด'!G63 -> LPG | H63: =IF(COUNTIF(G:G,C63)>0,"ซ้ำกัน","ไม่ซ้ำกัน") -> ไม่ซ้ำกัน | I63: Gas/ Diesel Oil | O63: IPCC defaults (2006), volume 2, chapter 3, table 3.3.1 และ Convert ค่าโดยอาศัยค่าคุณลักษณะเชื้อเพลิง | P63: 2.698722 | Q63: 0 | R63: 0.000151143 | S63: 0.001041612 | AC63: พฤษภาคม 2569 | AF63: 1 | AH63: {}
A64: 06121d8a-82a9-521b-8501-118b281be1d8 | B64: a1000001-0001-4001-8001-000000000002 | C64: Diesel: Industry, L | E64: Liter | F64: 2.9789812 | G64: ='Fuel Resources ล่าสุด'!G64 -> Diesel: Aggriculture | H64: =IF(COUNTIF(G:G,C64)>0,"ซ้ำกัน","ไม่ซ้ำกัน") -> ไม่ซ้ำกัน | I64: Gasohol E10, 2-stroke: Aggriculture, L | O64: IPCC defaults (2006), volume 2, chapter 3, table 3.3.1 และ Convert ค่าโดยอาศัยค่าคุณลักษณะเชื้อเพลิง | P64: 2.698722 | Q64: 0 | R64: 0.000151143 | S64: 0.001041612 | AC64: พฤษภาคม 2569 | AF64: 1 | AH64: {}
A65: 20018c45-e290-5388-ae6d-e7a479a6cb7f | B65: a1000001-0001-4001-8001-000000000001 | C65: Diesel: L | E65: Liter | F65: 2.7075721 | G65: ='Fuel Resources ล่าสุด'!G65 -> Diesel: Forestry | H65: =IF(COUNTIF(G:G,C65)>0,"ซ้ำกัน","ไม่ซ้ำกัน") -> ไม่ซ้ำกัน | I65: Gasohol E10, 2-stroke: Forestry, L | O65: IPCC defaults (2006), volume 2, chapter 2, table 2.3, p.2.18 - 2.19 และ Convert ค่าโดยอาศัยค่าคุณลักษณะเชื้อเพลิง | P65: 2.698722 | Q65: 0 | R65: 0.00010926 | S65: 2.1852e-05 | AC65: พฤษภาคม 2569 | AF65: 1 | AH65: {}
A66: e472a792-1bc6-5b20-ba02-849433acbb78 | B66: a1000001-0001-4001-8001-000000000003 | C66: Diesel: L | E66: Liter | F66: 2.7403391 | G66: ='Fuel Resources ล่าสุด'!G66 -> Diesel: Industry | H66: =IF(COUNTIF(G:G,C66)>0,"ซ้ำกัน","ไม่ซ้ำกัน") -> ไม่ซ้ำกัน | I66: Gasohol E10, 2-stroke: Household, L | O66: IPCC defaults (2006), volume 2, chapter 3, table 3.2.1 & 3.2.2 และ Convert ค่าโดยอาศัยค่าคุณลักษณะเชื้อเพลิง | P66: 2.698722 | Q66: 0 | R66: 0.000142038 | S66: 0.000142038 | AC66: พฤษภาคม 2569 | AF66: 1 | AH66: {}
A67: 7ef1ba12-0cbf-5996-bd9c-e5b41c63f62b | B67: a1000003-0003-4003-8003-00000000000c | C67: Domestic | D67: Air Travel | E67: passenger.km | F67: 0.22928 | G67: ='Fuel Resources ล่าสุด'!G67 -> Diesel: Household | H67: =IF(COUNTIF(G:G,C67)>0,"ซ้ำกัน","ไม่ซ้ำกัน") -> ไม่ซ้ำกัน | I67: Gasohol E10, 2-stroke: Industry, L | O67: DEFRA: Greenhouse gas reporting: conversion factors 2025 | AC67: พฤษภาคม 2569 | AF67: 1 | AH67: {}
A68: ba3ad53c-37ba-59b5-8b27-0d04c8073a7a | B68: a1000003-0003-4003-8003-00000000000d | C68: Domestic | D68: Air Travel | E68: passenger.km | F68: 0.22928 | G68: ='Fuel Resources ล่าสุด'!G68 -> Biodiesel | H68: =IF(COUNTIF(G:G,C68)>0,"ซ้ำกัน","ไม่ซ้ำกัน") -> ไม่ซ้ำกัน | I68: Gasohol E10, 4-stroke: Aggriculture, L | O68: DEFRA: Greenhouse gas reporting: conversion factors 2025 | AC68: พฤษภาคม 2569 | AF68: 1 | AH68: {}
A69: f826aab5-0404-5eb2-8226-22a9433b23b0 | B69: a1000003-0003-4003-8003-000000000009 | C69: Electricity, grid mix (ไฟฟ้า) | E69: kWh | F69: 0.0812 | G69: ='Fuel Resources ล่าสุด'!G69 -> Ethanol, Bio-gasoline | H69: =IF(COUNTIF(G:G,C69)>0,"ซ้ำกัน","ไม่ซ้ำกัน") -> ไม่ซ้ำกัน | I69: Gasohol E10, 4-stroke: Forestry, L | O69: Thai National LCI Database, TIIS-MTEC-NSTDA (with TGO electricity 2016-2018) | AC69: พฤษภาคม 2569 | AF69: 1 | AH69: {}
A70: 8b5ecead-1a83-592b-a012-77b0e770ccb6 | B70: a1000003-0003-4003-8003-000000000007 | C70: Ethane (อีเทน) | D70: กลุ่มผลิตภัณฑ์จากก๊าซธรรมชาติ | E70: kg | F70: 1.1142 | G70: ='Fuel Resources ล่าสุด'!G70 -> Motor Gasoline 4-stroke: Aggriculture | H70: =IF(COUNTIF(G:G,C70)>0,"ซ้ำกัน","ไม่ซ้ำกัน") -> ไม่ซ้ำกัน | I70: Gasohol E10, 4-stroke: Household, L | O70: TGO_CFP_Thai National LCI Database, TIIS-MTEC-NSTDA (with TGO electricity 2022-2024) | AC70: พฤษภาคม 2569 | AF70: 1 | AH70: {}
A71: 9b09dbfe-41ab-5288-8618-95873d37cfc3 | B71: a1000003-0003-4003-8003-000000000009 | C71: Ethane (อีเทน) | E71: kg | F71: 1.1608 | G71: ='Fuel Resources ล่าสุด'!G71 -> Motor Gasoline 4-stroke: Forestry | H71: =IF(COUNTIF(G:G,C71)>0,"ซ้ำกัน","ไม่ซ้ำกัน") -> ไม่ซ้ำกัน | I71: Gasohol E10, 4-stroke: Industry, L | O71: Thai National LCI Database, TIIS-MTEC-NSTDA (with TGO electricity 2016-2018) | AC71: พฤษภาคม 2569 | AF71: 1 | AH71: {}
A72: 897bafce-2671-59b3-a241-2305fa7fbb43 | B72: a1000003-0003-4003-8003-000000000009 | C72: Ethane (อีเทน) | E72: kg | F72: 1.1142 | G72: ='Fuel Resources ล่าสุด'!G72 -> Motor Gasoline 4-stroke: Industry | H72: =IF(COUNTIF(G:G,C72)>0,"ซ้ำกัน","ไม่ซ้ำกัน") -> ไม่ซ้ำกัน | I72: Gasohol: E10 | O72: TGO_CFP_Thai National LCI Database, TIIS-MTEC-NSTDA (with TGO electricity 2022-2024) | AC72: พฤษภาคม 2569 | AF72: 1 | AH72: {}
A73: fbb6dc72-7334-5ec1-b183-4198708360c1 | B73: a1000001-0001-4001-8001-000000000001 | C73: Ethane: kg | E73: kg | F73: 3.1428571 | G73: ='Fuel Resources ล่าสุด'!G73 -> Motor Gasoline 4-stroke: Household | H73: =IF(COUNTIF(G:G,C73)>0,"ซ้ำกัน","ไม่ซ้ำกัน") -> ไม่ซ้ำกัน | I73: Gasohol: E10 | O73: C2H4 + 3O2 --> 2CO2 + 2H2O (MWC2H4 =28, MWCO2 =44) | P73: 3.1428571 | Q73: 0 | R73: 0 | S73: 0 | AC73: พฤษภาคม 2569 | AF73: 1 | AH73: {}
A74: ddd94df1-2f14-56b1-b4d9-27bddc86d397 | B74: a1000001-0001-4001-8001-000000000003 | C74: Ethanol (Biogasoline) | E74: Liter | F74: 1.5074379 | G74: ='Fuel Resources ล่าสุด'!G74 -> Motor Gasoline 2-stroke: Aggriculture | H74: =IF(COUNTIF(G:G,C74)>0,"ซ้ำกัน","ไม่ซ้ำกัน") -> ไม่ซ้ำกัน | I74: Gasohol: E10 | O74: IPCC defaults (2006), volume 2, chapter 3, table 3.2.1 & 3.2.2 และ Convert ค่าโดยอาศัยค่าคุณลักษณะเชื้อเพลิง | P74: 1.4967828 | Q74: 0 | R74: 0.000380538 | S74: 0 | AC74: พฤษภาคม 2569 | AF74: 1 | AH74: {}
A75: 36d88a5c-4110-5803-ad4f-e1874d792c91 | B75: a1000001-0001-4001-8001-000000000002 | C75: Ethanol, Biogasoline: L | E75: Liter | F75: 1.4967828 | G75: ='Fuel Resources ล่าสุด'!G75 -> Motor Gasoline 2-stroke: Forestry | H75: =IF(COUNTIF(G:G,C75)>0,"ซ้ำกัน","ไม่ซ้ำกัน") -> ไม่ซ้ำกัน | I75: Gasohol: E10 | O75: IPCC defaults (2006) และ Convert ค่าโดยอาศัยค่าคุณลักษณะเชื้อเพลิง | P75: 1.4967828 | AC75: พฤษภาคม 2569 | AF75: 1 | AH75: {}
A76: 578feb8d-6e0a-5dcc-aeb7-03358c27a29e | B76: a1000003-0003-4003-8003-000000000007 | C76: Ethylbenzene | D76: กลุ่มปิโตรเคมี | E76: kg | F76: 2.3828 | G76: ='Fuel Resources ล่าสุด'!G76 -> Motor Gasoline 2-stroke: Industry | H76: =IF(COUNTIF(G:G,C76)>0,"ซ้ำกัน","ไม่ซ้ำกัน") -> ซ้ำกัน | I76: Gasohol: E10 2-stroke: Aggriculture | O76: TGO_CFP_Thai National LCI Database, TIIS-MTEC-NSTDA (with TGO electricity 2022-2024) | AC76: พฤษภาคม 2569 | AF76: 1 | AH76: {}
A77: 59366483-7370-5cfc-95b9-dcd1945240b5 | B77: a1000003-0003-4003-8003-000000000007 | C77: Ethylene | D77: กลุ่มปิโตรเคมี | E77: kg | F77: 1.9562 | G77: ='Fuel Resources ล่าสุด'!G77 -> Motor Gasoline 2-stroke: Household | H77: =IF(COUNTIF(G:G,C77)>0,"ซ้ำกัน","ไม่ซ้ำกัน") -> ซ้ำกัน | I77: Gasohol: E10 2-stroke: Forestry | O77: Thai National LCI Database, TIIS-MTEC-NSTDA (with TGO electricity 2016-2018) | AC77: พฤษภาคม 2569 | AF77: 1 | AH77: {}
A78: 0740b222-7848-58ea-8ac1-65ce45a9cb17 | B78: a1000003-0003-4003-8003-000000000007 | C78: Ethylene | D78: กลุ่มปิโตรเคมี | E78: kg | F78: 1.9671 | G78: ='Fuel Resources ล่าสุด'!G78 -> Diesel B7 | H78: =IF(COUNTIF(G:G,C78)>0,"ซ้ำกัน","ไม่ซ้ำกัน") -> ซ้ำกัน | I78: Gasohol: E10 2-stroke: Household | O78: TGO_CFP_Thai National LCI Database, TIIS-MTEC-NSTDA (with TGO electricity 2022-2024) | AC78: พฤษภาคม 2569 | AF78: 1 | AH78: {}
A79: 4ae26f35-9d45-5508-b0e2-b37f5a9dfc05 | B79: a1000003-0003-4003-8003-000000000007 | C79: Ethylene glycol | D79: กลุ่มปิโตรเคมี | E79: kg | F79: 1.71 | G79: ='Fuel Resources ล่าสุด'!G79 -> Diesel B7: Report in Scope 1 | H79: =IF(COUNTIF(G:G,C79)>0,"ซ้ำกัน","ไม่ซ้ำกัน") -> ซ้ำกัน | I79: Gasohol: E10 2-stroke: Industry | O79: TGO_CFP_Thai National LCI Database, TIIS-MTEC-NSTDA (with TGO electricity 2022-2024) | AC79: พฤษภาคม 2569 | AF79: 1 | AH79: {}
A80: 7eaa20e2-fb5e-5b29-81d3-b2ca5f091bb5 | B80: a1000003-0003-4003-8003-000000000007 | C80: Ethylene oxide | D80: กลุ่มปิโตรเคมี | E80: kg | F80: 2.7986 | G80: ='Fuel Resources ล่าสุด'!G80 -> Diesel B7: Report in Biogenic CO2 emissions | H80: =IF(COUNTIF(G:G,C80)>0,"ซ้ำกัน","ไม่ซ้ำกัน") -> ซ้ำกัน | I80: Gasohol: E10 4-stroke: Aggriculture | O80: TGO_CFP_Thai National LCI Database, TIIS-MTEC-NSTDA (with TGO electricity 2022-2024) | AC80: พฤษภาคม 2569 | AF80: 1 | AH80: {}
A81: eea0101b-ada5-578c-9dd8-26e749642b8d | B81: a1000003-0003-4003-8003-00000000000d | C81: Ferry: Average (all passenger) | D81: Sea Travel | E81: passenger.km | F81: 0.1127 | G81: ='Fuel Resources ล่าสุด'!G81 -> Gasohol E10, 4-stroke: Aggriculture | H81: =IF(COUNTIF(G:G,C81)>0,"ซ้ำกัน","ไม่ซ้ำกัน") -> ไม่ซ้ำกัน | I81: Gasohol: E10 4-stroke: Forestry | O81: DEFRA: Greenhouse gas reporting: conversion factors 2033 | AC81: พฤษภาคม 2569 | AF81: 1 | AH81: {}
A82: 28603754-f2c3-5966-a4be-50a66324469e | B82: a1000003-0003-4003-8003-00000000000c | C82: Ferry: Average (all passenger) | D82: Sea Travel | E82: passenger.km | F82: 0.1127 | G82: ='Fuel Resources ล่าสุด'!G82 -> Gasohol E10: Report in Scope 1 | H82: =IF(COUNTIF(G:G,C82)>0,"ซ้ำกัน","ไม่ซ้ำกัน") -> ไม่ซ้ำกัน | I82: Gasohol: E10 4-stroke: Household | O82: DEFRA: Greenhouse gas reporting: conversion factors 2033 | AC82: พฤษภาคม 2569 | AF82: 1 | AH82: {}
A83: 2f03f527-84a3-5b3e-b8c2-13c99cc0f80b | B83: a1000003-0003-4003-8003-00000000000c | C83: Ferry: Car passenger | D83: Sea Travel | E83: passenger.km | F83: 0.12933 | G83: ='Fuel Resources ล่าสุด'!G83 -> Gasohol E10: Report in Biogenic CO2 emissions | H83: =IF(COUNTIF(G:G,C83)>0,"ซ้ำกัน","ไม่ซ้ำกัน") -> ไม่ซ้ำกัน | I83: Gasohol: E10 4-stroke: Industry | O83: DEFRA: Greenhouse gas reporting: conversion factors 2032 | AC83: พฤษภาคม 2569 | AF83: 1 | AH83: {}
A84: 4bbd5e35-5c2b-5a5a-9f67-078fdaab6283 | B84: a1000003-0003-4003-8003-00000000000d | C84: Ferry: Car passenger | D84: Sea Travel | E84: passenger.km | F84: 0.12933 | G84: ='Fuel Resources ล่าสุด'!G84 -> Gasohol E10, 4-stroke: Forestry | H84: =IF(COUNTIF(G:G,C84)>0,"ซ้ำกัน","ไม่ซ้ำกัน") -> ไม่ซ้ำกัน | I84: Gasohol: E20 | O84: DEFRA: Greenhouse gas reporting: conversion factors 2032 | AC84: พฤษภาคม 2569 | AF84: 1 | AH84: {}
A85: 6593ad83-da74-5372-bed8-7d718b4be5f5 | B85: a1000003-0003-4003-8003-00000000000c | C85: Ferry: Foot passenger | D85: Sea Travel | E85: passenger.km | F85: 0.01871 | G85: ='Fuel Resources ล่าสุด'!G85 -> Gasohol E10: Report in Scope 1 | H85: =IF(COUNTIF(G:G,C85)>0,"ซ้ำกัน","ไม่ซ้ำกัน") -> ไม่ซ้ำกัน | I85: Gasohol: E20 | O85: DEFRA: Greenhouse gas reporting: conversion factors 2031 | AC85: พฤษภาคม 2569 | AF85: 1 | AH85: {}
A86: 5038d585-c9f2-5bc6-8464-e2ec260484ca | B86: a1000003-0003-4003-8003-00000000000d | C86: Ferry: Foot passenger | D86: Sea Travel | E86: passenger.km | F86: 0.01871 | G86: ='Fuel Resources ล่าสุด'!G86 -> Gasohol E10: Report in Biogenic CO2 emissions | H86: =IF(COUNTIF(G:G,C86)>0,"ซ้ำกัน","ไม่ซ้ำกัน") -> ไม่ซ้ำกัน | I86: Gasohol: E20 | O86: DEFRA: Greenhouse gas reporting: conversion factors 2031 | AC86: พฤษภาคม 2569 | AF86: 1 | AH86: {}
A87: ddbccf73-479f-5fb3-ade3-f948b5984e7b | B87: a1000003-0003-4003-8003-00000000000a | C87: Freight train | D87: Air transport | E87: tkm | F87: 0.02779 | G87: ='Fuel Resources ล่าสุด'!G87 -> Gasohol E10, 4-stroke: Industry | H87: =IF(COUNTIF(G:G,C87)>0,"ซ้ำกัน","ไม่ซ้ำกัน") -> ไม่ซ้ำกัน | I87: Gasohol: E20 | O87: DEFRA: Greenhouse gas reporting: conversion factors 2025 | AC87: พฤษภาคม 2569 | AF87: 1 | AH87: {}
... A89: 05da3849-a5ab-5a7f-9c00-3c870ead5e7f | B89: a1000003-0003-4003-8003-000000000007 | C89: Fuel oil (น้ำมันเตา) | D89: กลุ่มพลังงานและเชื้อเพลิง | E89: kg | F89: 0.3708 | G89: ='Fuel Resources ล่าสุด'!G89 -> Gasohol E10: Report in Biogenic CO2 emissions | H89: =IF(COUNTIF(G:G,C89)>0,"ซ้ำกัน","ไม่ซ้ำกัน") -> ไม่ซ้ำกัน | I89: Gasohol: E85 | O89: TGO_CFP_Thai National LCI Database, TIIS-MTEC-NSTDA (with TGO electricity 2022-2024) | AC89: พฤษภาคม 2569 | AF89: 1 | AH89: {}
A90: 0e80ceec-3a68-571e-9909-3b0e1aea414b | B90: a1000003-0003-4003-8003-000000000009 | C90: Fuel oil (น้ำมันเตา) | E90: kg | F90: 0.3743 | G90: ='Fuel Resources ล่าสุด'!G90 -> Gasohol E10, 4-stroke: Household | H90: =IF(COUNTIF(G:G,C90)>0,"ซ้ำกัน","ไม่ซ้ำกัน") -> ไม่ซ้ำกัน | I90: Gasohol: E85 | O90: Thai National LCI Database, TIIS-MTEC-NSTDA (with TGO electricity 2016-2018) | AC90: พฤษภาคม 2569 | AF90: 1 | AH90: {}
A91: e6c9146b-4701-50c4-b67d-ace6ac5e1336 | B91: a1000003-0003-4003-8003-000000000009 | C91: Fuel oil (น้ำมันเตา) | E91: kg | F91: 0.3708 | G91: ='Fuel Resources ล่าสุด'!G91 -> Gasohol E10: Report in Scope 1 | H91: =IF(COUNTIF(G:G,C91)>0,"ซ้ำกัน","ไม่ซ้ำกัน") -> ไม่ซ้ำกัน | I91: Gasohol: E85 | O91: TGO_CFP_Thai National LCI Database, TIIS-MTEC-NSTDA (with TGO electricity 2022-2024) | AC91: พฤษภาคม 2569 | AF91: 1 | AH91: {}
A92: 291485fb-1cfe-50ce-92da-274afd5b7f4e | B92: a1000001-0001-4001-8001-000000000001 | C92: Fuel Oil A: L | E92: Liter | F92: 3.2197754 | G92: ='Fuel Resources ล่าสุด'!G92 -> Gasohol E10: Report in Biogenic CO2 emissions | H92: =IF(COUNTIF(G:G,C92)>0,"ซ้ำกัน","ไม่ซ้ำกัน") -> ไม่ซ้ำกัน | I92: Gasoline (แก๊สโซลีน) | O92: IPCC defaults (2006), volume 2, chapter 2, table 2.3, p.2.18 - 2.19 และ Convert ค่าโดยอาศัยค่าคุณลักษณะเชื้อเพลิง | P92: 3.2096984 | Q92: 0 | R92: 0.000124407 | S92: 2.48814e-05 | AC92: พฤษภาคม 2569 | AF92: 1 | AH92: {}
A93: fdd5f600-405c-52ce-8a77-4473ed30d920 | B93: a1000001-0001-4001-8001-000000000001 | C93: Fuel Oil C: L | E93: Liter | F93: 3.2454976 | G93: ='Fuel Resources ล่าสุด'!G93 -> Gasohol E10, 2-stroke: Aggriculture | H93: =IF(COUNTIF(G:G,C93)>0,"ซ้ำกัน","ไม่ซ้ำกัน") -> ไม่ซ้ำกัน | I93: Gasoline (แก๊สโซลีน) | O93: IPCC defaults (2006), volume 2, chapter 2, table 2.3, p.2.18 - 2.19 และ Convert ค่าโดยอาศัยค่าคุณลักษณะเชื้อเพลิง | P93: 3.2353401 | Q93: 0 | R93: 0.000125401 | S93: 2.50802e-05 | AC93: พฤษภาคม 2569 | AF93: 1 | AH93: {}
A94: 4ad93a4f-7cd2-5fe7-bae3-800fcd9ad32b | B94: a1000004-0004-4004-8004-000000000014 | C94: Fuel wood | E94: kg | F94: 1.79088 | G94: ='Fuel Resources ล่าสุด'!G94 -> Gasohol E10: Report in Scope 1 | H94: =IF(COUNTIF(G:G,C94)>0,"ซ้ำกัน","ไม่ซ้ำกัน") -> ซ้ำกัน | I94: Gasoline (แก๊สโซลีน) | O94: IPCC defaults (2006), volume 2, chapter 2, table 2.3, p.2.18 - 2.19 และ Convert ค่าโดยอาศัยค่าคุณลักษณะเชื้อเพลิง | AC94: พฤษภาคม 2569 | AF94: 1 | AH94: {}
A95: 96db9550-0b1e-5dd6-b29f-28140e5ca8de | B95: a1000001-0001-4001-8001-000000000001 | C95: Fuel wood | E95: kg | F95: 0.030381 | G95: ='Fuel Resources ล่าสุด'!G95 -> Gasohol E10: Report in Biogenic CO2 emissions | H95: =IF(COUNTIF(G:G,C95)>0,"ซ้ำกัน","ไม่ซ้ำกัน") -> ซ้ำกัน | I95: Gasoline: L | O95: IPCC defaults (2006), volume 2, chapter 2, table 2.3, p.2.18 - 2.19 และ Convert ค่าโดยอาศัยค่าคุณลักษณะเชื้อเพลิง | Q95: 0 | R95: 0.0004797 | S95: 6.396e-05 | AC95: พฤษภาคม 2569 | AF95: 1 | AH95: {}
A96: a455e321-3221-58df-a8f6-ba54784d585c | B96: a1000003-0003-4003-8003-00000000000c | C96: Gas/ Diesel Oil | D96: Road ทราบปริมาณเชื้อเพลิง | E96: litre | F96: 2.7406232 | G96: ='Fuel Resources ล่าสุด'!G96 -> Gasohol E10, 2-stroke: Forestry | H96: =IF(COUNTIF(G:G,C96)>0,"ซ้ำกัน","ไม่ซ้ำกัน") -> ไม่ซ้ำกัน | I96: International, to/from non-UK | O96: IPCC Vol.2 table 3.2.1, 3.2.2, DEDE | AC96: พฤษภาคม 2569 | AF96: 1 | AH96: {}
A97: 4fbf1f21-858d-530f-832b-a297a74c9ef0 | B97: a1000003-0003-4003-8003-00000000000c | C97: Gas/ Diesel Oil | D97: Road ทราบปริมาณเชื้อเพลิง | E97: litre | F97: 2.7403391 | G97: ='Fuel Resources ล่าสุด'!G97 -> Gasohol E10: Report in Scope 1 | H97: =IF(COUNTIF(G:G,C97)>0,"ซ้ำกัน","ไม่ซ้ำกัน") -> ไม่ซ้ำกัน | I97: International, to/from non-UK | O97: IPCC defaults (2006), volume 2, chapter 3, table 3.2.1 & 3.2.2 และ Convert ค่าโดยอาศัยค่าคุณลักษณะเชื้อเพลิง | AC97: พฤษภาคม 2569 | AF97: 1 | AH97: {}
A98: c18c20f2-7eba-59ed-8659-1ba1936e686f | B98: a1000003-0003-4003-8003-00000000000d | C98: Gas/ Diesel Oil | D98: Road ทราบปริมาณเชื้อเพลิง | E98: litre | F98: 2.7406232 | G98: ='Fuel Resources ล่าสุด'!G98 -> Gasohol E10: Report in Biogenic CO2 emissions | H98: =IF(COUNTIF(G:G,C98)>0,"ซ้ำกัน","ไม่ซ้ำกัน") -> ไม่ซ้ำกัน | I98: International: Average passenger | O98: IPCC Vol.2 table 3.2.1, 3.2.2, DEDE | AC98: พฤษภาคม 2569 | AF98: 1 | AH98: {}
A99: e754bba2-d344-5fc9-9f2c-76ad22abea79 | B99: a1000003-0003-4003-8003-00000000000d | C99: Gas/ Diesel Oil | D99: Road ทราบปริมาณเชื้อเพลิง | E99: litre | F99: 2.7403391 | G99: ='Fuel Resources ล่าสุด'!G99 -> Gasohol E10, 2-stroke: Industry | H99: =IF(COUNTIF(G:G,C99)>0,"ซ้ำกัน","ไม่ซ้ำกัน") -> ไม่ซ้ำกัน | I99: International: Average passenger | O99: IPCC defaults (2006), volume 2, chapter 3, table 3.2.1 & 3.2.2 และ Convert ค่าโดยอาศัยค่าคุณลักษณะเชื้อเพลิง | AC99: พฤษภาคม 2569 | AF99: 1 | AH99: {}
A100: 96c641e9-2bf7-5298-a0e3-45828a4849f4 | B100: a1000001-0001-4001-8001-000000000002 | C100: Gasohol E10, 2-stroke: Aggriculture, L | E100: Liter | F100: 2.0901461 | G100: ='Fuel Resources ล่าสุด'!G100 -> Gasohol E10: Report in Scope 1 | H100: =IF(COUNTIF(G:G,C100)>0,"ซ้ำกัน","ไม่ซ้ำกัน") -> ไม่ซ้ำกัน | I100: International: Business class | O100: IPCC defaults (2006), volume 2, chapter 3, table 3.3.1 และ Convert ค่าโดยอาศัยค่าคุณลักษณะเชื้อเพลิง | P100: 1.9634076 | Q100: 0 | R100: 0.0044072 | S100: 1.2592e-05 | AC100: พฤษภาคม 2569 | AF100: 1 | AH100: {}
A101: 24b8a950-3433-50b1-8ac4-2c18a29073a9 | B101: a1000001-0001-4001-8001-000000000002 | C101: Gasohol E10, 2-stroke: Forestry, L | E101: Liter | F101: 2.1165893 | G101: ='Fuel Resources ล่าสุด'!G101 -> Gasohol E10: Report in Biogenic CO2 emissions | H101: =IF(COUNTIF(G:G,C101)>0,"ซ้ำกัน","ไม่ซ้ำกัน") -> ไม่ซ้ำกัน | I101: International: Business class | O101: IPCC defaults (2006), volume 2, chapter 3, table 3.3.1 และ Convert ค่าโดยอาศัยค่าคุณลักษณะเชื้อเพลิง | P101: 1.9634076 | Q101: 0 | R101: 0.0053516 | S101: 1.2592e-05 | AC101: พฤษภาคม 2569 | AF101: 1 | AH101: {}
...
